"Country","Sex","Year","Age group","Mean height","Mean height lower 95% uncertainty interval","Mean height upper 95% uncertainty interval","Mean height standard error"
"United Kingdom","Boys",1985,5,111.480237,110.6916845,112.2622385,0.407018487
"United Kingdom","Boys",1985,6,118.0731654,117.3104555,118.8352376,0.388564427
"United Kingdom","Boys",1985,7,124.1579024,123.4077932,124.8975305,0.381922605
"United Kingdom","Boys",1985,8,129.8778652,129.1370631,130.6094783,0.376697105
"United Kingdom","Boys",1985,9,135.3643357,134.6341314,136.0816619,0.372013303
"United Kingdom","Boys",1985,10,140.737162,140.0235579,141.4421457,0.36610833
"United Kingdom","Boys",1985,11,146.2028177,145.5077692,146.9079976,0.362316916
"United Kingdom","Boys",1985,12,152.3054816,151.6051012,152.999526,0.359751627
"United Kingdom","Boys",1985,13,159.287143,158.6039199,159.9751842,0.354567453
"United Kingdom","Boys",1985,14,165.8038278,165.1193329,166.5010482,0.351787512
"United Kingdom","Boys",1985,15,170.4981564,169.7940703,171.2098811,0.361904106
"United Kingdom","Boys",1985,16,173.4627208,172.6822171,174.2527325,0.39866355
"United Kingdom","Boys",1985,17,175.1384975,174.2431508,176.060932,0.462209427
"United Kingdom","Boys",1985,18,175.9699818,174.9329925,177.0220014,0.537169598
"United Kingdom","Boys",1985,19,176.3830323,175.1793274,177.5954359,0.612188674
"United Kingdom","Boys",1986,5,111.550866,110.7947767,112.3213579,0.397838327
"United Kingdom","Boys",1986,6,118.1551057,117.4165442,118.8944722,0.380614166
"United Kingdom","Boys",1986,7,124.2327658,123.497941,124.9603594,0.37493844
"United Kingdom","Boys",1986,8,129.9360924,129.2121761,130.6395228,0.369848188
"United Kingdom","Boys",1986,9,135.4085026,134.6887589,136.1135472,0.365400967
"United Kingdom","Boys",1986,10,140.7812784,140.069264,141.4755001,0.361467945
"United Kingdom","Boys",1986,11,146.2586312,145.5564168,146.9436926,0.358041661
"United Kingdom","Boys",1986,12,152.3844871,151.6887974,153.0698144,0.35740957
"United Kingdom","Boys",1986,13,159.3871569,158.7034079,160.0795757,0.352508162
"United Kingdom","Boys",1986,14,165.9077042,165.2376851,166.579902,0.345842642
"United Kingdom","Boys",1986,15,170.5715728,169.9138906,171.2573141,0.343754221
"United Kingdom","Boys",1986,16,173.4999803,172.7835491,174.2193621,0.360168048
"United Kingdom","Boys",1986,17,175.1522922,174.3753595,175.9491287,0.399904383
"United Kingdom","Boys",1986,18,175.9574246,175.0739762,176.8394602,0.450176644
"United Kingdom","Boys",1986,19,176.3597818,175.3882882,177.3420472,0.496891895
"United Kingdom","Boys",1987,5,111.5909905,110.8512967,112.3371473,0.386529365
"United Kingdom","Boys",1987,6,118.2257346,117.5094814,118.9450303,0.371336011
"United Kingdom","Boys",1987,7,124.314706,123.601714,125.0304462,0.366917092
"United Kingdom","Boys",1987,8,130.0109557,129.2991284,130.709437,0.362690899
"United Kingdom","Boys",1987,9,135.4667298,134.7668611,136.1534488,0.358175494
"United Kingdom","Boys",1987,10,140.8254453,140.1234337,141.5097984,0.354419901
"United Kingdom","Boys",1987,11,146.3027476,145.5986391,146.9789492,0.353061407
"United Kingdom","Boys",1987,12,152.4403006,151.7426972,153.1198806,0.3529116
"United Kingdom","Boys",1987,13,159.4661624,158.7906791,160.1448637,0.34987403
"United Kingdom","Boys",1987,14,166.0077181,165.3522713,166.6776716,0.343153773
"United Kingdom","Boys",1987,15,170.6754492,170.0357438,171.3395976,0.33637946
"United Kingdom","Boys",1987,16,173.5733968,172.9128961,174.2449947,0.340674453
"United Kingdom","Boys",1987,17,175.1895517,174.4851103,175.9054092,0.360091088
"United Kingdom","Boys",1987,18,175.9712193,175.2131604,176.7333629,0.387440473
"United Kingdom","Boys",1987,19,176.3472246,175.5568949,177.1383186,0.40610304
"United Kingdom","Boys",1988,5,111.5996197,110.8767671,112.3274227,0.373505057
"United Kingdom","Boys",1988,6,118.2658591,117.5723958,118.9728182,0.359832684
"United Kingdom","Boys",1988,7,124.385335,123.687577,125.0815698,0.357637733
"United Kingdom","Boys",1988,8,130.092896,129.3946396,130.7791725,0.35445116
"United Kingdom","Boys",1988,9,135.5415931,134.8559023,136.2204178,0.350646865
"United Kingdom","Boys",1988,10,140.8836725,140.2028656,141.5627491,0.34669443
"United Kingdom","Boys",1988,11,146.3469145,145.6703843,147.0106549,0.345588839
"United Kingdom","Boys",1988,12,152.484417,151.7923976,153.1527732,0.347541793
"United Kingdom","Boys",1988,13,159.5219759,158.8441027,160.1847253,0.345055666
"United Kingdom","Boys",1988,14,166.0867237,165.4361563,166.7556887,0.339892691
"United Kingdom","Boys",1988,15,170.7754631,170.1381075,171.4321495,0.332551256
"United Kingdom","Boys",1988,16,173.6772732,173.0304947,174.3324506,0.331444055
"United Kingdom","Boys",1988,17,175.2629681,174.6001669,175.930175,0.338978076
"United Kingdom","Boys",1988,18,176.0084788,175.3297665,176.6944489,0.34675781
"United Kingdom","Boys",1988,19,176.3610193,175.6851523,177.0293611,0.341153406
"United Kingdom","Boys",1989,5,111.5990941,110.8767768,112.3049004,0.360901537
"United Kingdom","Boys",1989,6,118.2744884,117.5960122,118.9577098,0.345997775
"United Kingdom","Boys",1989,7,124.4254595,123.7483386,125.1037751,0.34609215
"United Kingdom","Boys",1989,8,130.1635249,129.4930062,130.8261611,0.345019454
"United Kingdom","Boys",1989,9,135.6235334,134.9605523,136.2773034,0.342037353
"United Kingdom","Boys",1989,10,140.9585359,140.3017008,141.6248599,0.338621135
"United Kingdom","Boys",1989,11,146.4051417,145.7402671,147.0641551,0.337264734
"United Kingdom","Boys",1989,12,152.5285839,151.8543664,153.1914423,0.339653511
"United Kingdom","Boys",1989,13,159.5660923,158.8969995,160.2115861,0.33916827
"United Kingdom","Boys",1989,14,166.1425371,165.4942589,166.7852825,0.334476703
"United Kingdom","Boys",1989,15,170.8544687,170.219683,171.4970994,0.328240372
"United Kingdom","Boys",1989,16,173.7772871,173.1526322,174.4232797,0.325982428
"United Kingdom","Boys",1989,17,175.3668445,174.7267767,176.0161029,0.327947704
"United Kingdom","Boys",1989,18,176.0818952,175.4374977,176.7181625,0.325041357
"United Kingdom","Boys",1989,19,176.3982788,175.8194156,176.9867925,0.300808721
"United Kingdom","Boys",1990,5,111.6092078,110.9231529,112.2956254,0.348672046
"United Kingdom","Boys",1990,6,118.2739628,117.6174573,118.9366863,0.332496401
"United Kingdom","Boys",1990,7,124.4340887,123.7762912,125.0954357,0.331995973
"United Kingdom","Boys",1990,8,130.2036494,129.5485084,130.8442345,0.333273527
"United Kingdom","Boys",1990,9,135.6941623,135.0413215,136.3337355,0.332299636
"United Kingdom","Boys",1990,10,141.0404761,140.4005579,141.6778651,0.329509346
"United Kingdom","Boys",1990,11,146.480005,145.8439679,147.1250649,0.32856306
"United Kingdom","Boys",1990,12,152.5868111,151.9313954,153.2281862,0.330793497
"United Kingdom","Boys",1990,13,159.6102592,158.9494645,160.243338,0.330702546
"United Kingdom","Boys",1990,14,166.1866535,165.5314324,166.8182555,0.327880913
"United Kingdom","Boys",1990,15,170.9102821,170.2815616,171.541413,0.321771608
"United Kingdom","Boys",1990,16,173.8562926,173.2388782,174.4829695,0.320203797
"United Kingdom","Boys",1990,17,175.4668584,174.8294656,176.0948949,0.320722993
"United Kingdom","Boys",1990,18,176.1857716,175.5711498,176.7969538,0.313775597
"United Kingdom","Boys",1990,19,176.4716952,175.9201217,177.0334211,0.281402859
"United Kingdom","Boys",1991,5,111.6352737,110.9728548,112.2868912,0.335279133
"United Kingdom","Boys",1991,6,118.2840765,117.651457,118.9117559,0.319505471
"United Kingdom","Boys",1991,7,124.4335631,123.7976795,125.0593019,0.318290289
"United Kingdom","Boys",1991,8,130.2122787,129.578084,130.848647,0.31899663
"United Kingdom","Boys",1991,9,135.7342868,135.0987215,136.3531921,0.320204702
"United Kingdom","Boys",1991,10,141.1111051,140.490056,141.7275725,0.319337898
"United Kingdom","Boys",1991,11,146.5619453,145.9435034,147.1834203,0.318916828
"United Kingdom","Boys",1991,12,152.6616744,152.0366671,153.2890277,0.321496836
"United Kingdom","Boys",1991,13,159.6684864,159.0365655,160.2998764,0.321341257
"United Kingdom","Boys",1991,14,166.2308204,165.5930328,166.8392826,0.318602652
"United Kingdom","Boys",1991,15,170.9543985,170.3403655,171.5635708,0.314218711
"United Kingdom","Boys",1991,16,173.9121061,173.3057536,174.5253995,0.312407068
"United Kingdom","Boys",1991,17,175.545864,174.9334799,176.1567516,0.313381923
"United Kingdom","Boys",1991,18,176.2857855,175.6806048,176.8849016,0.306397603
"United Kingdom","Boys",1991,19,176.5755716,176.0292811,177.1189094,0.273669844
"United Kingdom","Boys",1992,5,111.6737192,111.0451998,112.2938415,0.321225131
"United Kingdom","Boys",1992,6,118.3101423,117.7063296,118.9083862,0.304971344
"United Kingdom","Boys",1992,7,124.4436769,123.8390593,125.0397005,0.305056848
"United Kingdom","Boys",1992,8,130.2117531,129.5876317,130.8072366,0.305257243
"United Kingdom","Boys",1992,9,135.7429161,135.1287754,136.3449949,0.305729781
"United Kingdom","Boys",1992,10,141.1512296,140.5459355,141.7417644,0.306794349
"United Kingdom","Boys",1992,11,146.6325742,146.0332514,147.2353229,0.308300563
"United Kingdom","Boys",1992,12,152.7436147,152.1381519,153.3560204,0.311441499
"United Kingdom","Boys",1992,13,159.7433497,159.138463,160.3525734,0.311425644
"United Kingdom","Boys",1992,14,166.2890476,165.6892229,166.8880969,0.308662969
"United Kingdom","Boys",1992,15,170.9985654,170.3947358,171.5911795,0.303874095
"United Kingdom","Boys",1992,16,173.9562225,173.3619997,174.5499887,0.303809471
"United Kingdom","Boys",1992,17,175.6016774,175.0095481,176.1867225,0.30441558
"United Kingdom","Boys",1992,18,176.3647911,175.7746073,176.9460464,0.299157168
"United Kingdom","Boys",1992,19,176.6755855,176.1522412,177.1987512,0.27028216
"United Kingdom","Boys",1993,5,111.7274067,111.1276793,112.3231604,0.307853862
"United Kingdom","Boys",1993,6,118.3485879,117.7779758,118.9025126,0.289714398
"United Kingdom","Boys",1993,7,124.4697427,123.8926697,125.0321769,0.290337588
"United Kingdom","Boys",1993,8,130.2218668,129.6412956,130.7882163,0.291845144
"United Kingdom","Boys",1993,9,135.7423905,135.1504487,136.3074351,0.291980552
"United Kingdom","Boys",1993,10,141.1598588,140.5728636,141.7244527,0.292039426
"United Kingdom","Boys",1993,11,146.6726987,146.0936421,147.2436947,0.295381491
"United Kingdom","Boys",1993,12,152.8142436,152.2283432,153.4035645,0.300527243
"United Kingdom","Boys",1993,13,159.82529,159.2427677,160.4152739,0.301042493
"United Kingdom","Boys",1993,14,166.363911,165.7841158,166.948064,0.298254911
"United Kingdom","Boys",1993,15,171.0567927,170.4930763,171.6355634,0.293197365
"United Kingdom","Boys",1993,16,174.0003894,173.4349475,174.5705752,0.292568457
"United Kingdom","Boys",1993,17,175.6457938,175.0699005,176.2239285,0.295009485
"United Kingdom","Boys",1993,18,176.4206045,175.8394517,176.9836234,0.290682154
"United Kingdom","Boys",1993,19,176.7545911,176.2386799,177.2802172,0.267427872
"United Kingdom","Boys",1994,5,111.783577,111.2115238,112.3526153,0.294737194
"United Kingdom","Boys",1994,6,118.4022753,117.8635295,118.926322,0.275204995
"United Kingdom","Boys",1994,7,124.5081882,123.9715497,125.0309874,0.274793848
"United Kingdom","Boys",1994,8,130.2479326,129.6997185,130.7844704,0.277284736
"United Kingdom","Boys",1994,9,135.7525042,135.1961085,136.2908231,0.278407078
"United Kingdom","Boys",1994,10,141.1593332,140.5997993,141.7002262,0.278183613
"United Kingdom","Boys",1994,11,146.681328,146.1225383,147.2155801,0.280373529
"United Kingdom","Boys",1994,12,152.8543682,152.2974954,153.4124259,0.287536165
"United Kingdom","Boys",1994,13,159.8959189,159.3362798,160.4685399,0.28991251
"United Kingdom","Boys",1994,14,166.4458512,165.9036763,167.0148266,0.287783613
"United Kingdom","Boys",1994,15,171.131656,170.5866129,171.6754872,0.282641195
"United Kingdom","Boys",1994,16,174.0586166,173.5150868,174.6120004,0.281494508
"United Kingdom","Boys",1994,17,175.6899607,175.1422485,176.2451168,0.283521833
"United Kingdom","Boys",1994,18,176.4647209,175.9123529,177.0160938,0.282084726
"United Kingdom","Boys",1994,19,176.8104045,176.3084574,177.3259929,0.263332351
"United Kingdom","Boys",1995,5,111.8424906,111.2936454,112.3882876,0.28331551
"United Kingdom","Boys",1995,6,118.4584457,117.946476,118.963719,0.261836887
"United Kingdom","Boys",1995,7,124.5618757,124.0491779,125.055899,0.260151027
"United Kingdom","Boys",1995,8,130.2863782,129.7670382,130.7813249,0.26175716
"United Kingdom","Boys",1995,9,135.77857,135.2525369,136.282969,0.264199238
"United Kingdom","Boys",1995,10,141.1694469,140.6325424,141.6750339,0.264465381
"United Kingdom","Boys",1995,11,146.6808024,146.1447935,147.1934173,0.266406026
"United Kingdom","Boys",1995,12,152.8629974,152.3199475,153.3865892,0.272622855
"United Kingdom","Boys",1995,13,159.9360435,159.3997886,160.4802305,0.277071564
"United Kingdom","Boys",1995,14,166.5164801,165.9884497,167.0648335,0.276770938
"United Kingdom","Boys",1995,15,171.2135962,170.689096,171.7531957,0.272514057
"United Kingdom","Boys",1995,16,174.1334799,173.6028957,174.6598405,0.271620201
"United Kingdom","Boys",1995,17,175.748188,175.2188745,176.2955987,0.272852684
"United Kingdom","Boys",1995,18,176.5088878,175.9744924,177.047675,0.272090126
"United Kingdom","Boys",1995,19,176.8545209,176.353896,177.3658715,0.259084469
"United Kingdom","Boys",1996,5,111.8906215,111.3636446,112.4206783,0.272911618
"United Kingdom","Boys",1996,6,118.5173593,118.0324663,118.99571,0.25042171
"United Kingdom","Boys",1996,7,124.618046,124.1377132,125.0950074,0.247415687
"United Kingdom","Boys",1996,8,130.3400656,129.8521922,130.8167879,0.247336073
"United Kingdom","Boys",1996,9,135.8170156,135.319102,136.2900084,0.248919418
"United Kingdom","Boys",1996,10,141.1955128,140.6931827,141.6718216,0.250692293
"United Kingdom","Boys",1996,11,146.6909161,146.1737945,147.1759289,0.252752946
"United Kingdom","Boys",1996,12,152.8624718,152.3483568,153.3676977,0.25903012
"United Kingdom","Boys",1996,13,159.9446727,159.4311131,160.4649583,0.262573129
"United Kingdom","Boys",1996,14,166.5566047,166.046241,167.0752247,0.264519446
"United Kingdom","Boys",1996,15,171.2842252,170.7757702,171.8076721,0.262271678
"United Kingdom","Boys",1996,16,174.2154202,173.7004424,174.7272201,0.262575781
"United Kingdom","Boys",1996,17,175.8230513,175.3019761,176.344801,0.264607702
"United Kingdom","Boys",1996,18,176.5671151,176.0558191,177.0981039,0.263245006
"United Kingdom","Boys",1996,19,176.8986878,176.4080188,177.4041796,0.253679682
"United Kingdom","Boys",1997,5,111.9489519,111.4267915,112.4705617,0.266370387
"United Kingdom","Boys",1997,6,118.5654902,118.091993,119.0320899,0.240307987
"United Kingdom","Boys",1997,7,124.6769596,124.2186629,125.1318053,0.236794767
"United Kingdom","Boys",1997,8,130.396236,129.9434483,130.8494481,0.235401052
"United Kingdom","Boys",1997,9,135.870703,135.4081187,136.3217825,0.234984662
"United Kingdom","Boys",1997,10,141.2339583,140.7616211,141.6822574,0.235884147
"United Kingdom","Boys",1997,11,146.7169819,146.2348529,147.1765863,0.239584236
"United Kingdom","Boys",1997,12,152.8725855,152.3739853,153.3558798,0.246029241
"United Kingdom","Boys",1997,13,159.9441471,159.4518279,160.4361157,0.249933787
"United Kingdom","Boys",1997,14,166.5652339,166.0753758,167.0611755,0.251115748
"United Kingdom","Boys",1997,15,171.3243497,170.8299467,171.8174446,0.251284307
"United Kingdom","Boys",1997,16,174.2860491,173.7766968,174.7852593,0.254165685
"United Kingdom","Boys",1997,17,175.9049916,175.4062056,176.4162225,0.257297587
"United Kingdom","Boys",1997,18,176.6419784,176.1438953,177.1460989,0.257131051
"United Kingdom","Boys",1997,19,176.9569151,176.4760392,177.4439224,0.248779083
"United Kingdom","Boys",1998,5,112.0112782,111.4913036,112.5235471,0.261029334
"United Kingdom","Boys",1998,6,118.6238205,118.1594357,119.0830138,0.233845403
"United Kingdom","Boys",1998,7,124.7250905,124.2823569,125.168843,0.227528712
"United Kingdom","Boys",1998,8,130.4551496,130.0216875,130.8869743,0.225678305
"United Kingdom","Boys",1998,9,135.9268734,135.4837849,136.3606253,0.22392664
"United Kingdom","Boys",1998,10,141.2876458,140.8527239,141.7185469,0.222673058
"United Kingdom","Boys",1998,11,146.7554275,146.3084048,147.1827684,0.225644854
"United Kingdom","Boys",1998,12,152.8986513,152.4296162,153.356491,0.233923521
"United Kingdom","Boys",1998,13,159.9542608,159.4736063,160.4228141,0.23807288
"United Kingdom","Boys",1998,14,166.5647083,166.0905127,167.0327958,0.240028964
"United Kingdom","Boys",1998,15,171.3329789,170.8610541,171.8010388,0.239929201
"United Kingdom","Boys",1998,16,174.3261737,173.8433991,174.8103849,0.245313748
"United Kingdom","Boys",1998,17,175.9756205,175.4798587,176.4766524,0.251525382
"United Kingdom","Boys",1998,18,176.7239187,176.2420447,177.2217639,0.251871258
"United Kingdom","Boys",1998,19,177.0317784,176.5631716,177.5115587,0.244678746
"United Kingdom","Boys",1999,5,112.0726087,111.5586162,112.5709785,0.256345167
"United Kingdom","Boys",1999,6,118.6861469,118.2301473,119.1283924,0.228468512
"United Kingdom","Boys",1999,7,124.7834209,124.3567317,125.219869,0.221746881
"United Kingdom","Boys",1999,8,130.5032805,130.0817182,130.9334845,0.217181725
"United Kingdom","Boys",1999,9,135.985787,135.5739598,136.4075463,0.215128136
"United Kingdom","Boys",1999,10,141.3438161,140.9218568,141.7605006,0.21254799
"United Kingdom","Boys",1999,11,146.8091149,146.3902433,147.2256165,0.213532769
"United Kingdom","Boys",1999,12,152.9370969,152.5043554,153.3668247,0.221313735
"United Kingdom","Boys",1999,13,159.9803266,159.523481,160.4244269,0.22730675
"United Kingdom","Boys",1999,14,166.574822,166.1202146,167.032105,0.22978021
"United Kingdom","Boys",1999,15,171.3324534,170.8783802,171.7854083,0.230865489
"United Kingdom","Boys",1999,16,174.3348029,173.8631993,174.8036426,0.236637972
"United Kingdom","Boys",1999,17,176.015745,175.5297446,176.4961383,0.245161709
"United Kingdom","Boys",1999,18,176.7945476,176.3125054,177.2799489,0.248339494
"United Kingdom","Boys",1999,19,177.1137187,176.6345765,177.5874593,0.241552231
"United Kingdom","Boys",2000,5,112.1433374,111.6323008,112.633174,0.252542642
"United Kingdom","Boys",2000,6,118.7474774,118.2943258,119.178589,0.223628911
"United Kingdom","Boys",2000,7,124.8457472,124.4116633,125.2671455,0.216733152
"United Kingdom","Boys",2000,8,130.5616108,130.1511579,130.9809623,0.212153762
"United Kingdom","Boys",2000,9,136.0339179,135.6300706,136.4480063,0.207311661
"United Kingdom","Boys",2000,10,141.4027297,141.0118264,141.8017103,0.204691907
"United Kingdom","Boys",2000,11,146.8652853,146.4608572,147.2607727,0.204504121
"United Kingdom","Boys",2000,12,152.9907843,152.5784152,153.4005327,0.210645491
"United Kingdom","Boys",2000,13,160.0187722,159.5983474,160.4397031,0.215989145
"United Kingdom","Boys",2000,14,166.6008878,166.1619627,167.0346596,0.220646339
"United Kingdom","Boys",2000,15,171.3425671,170.8985274,171.7779137,0.222597145
"United Kingdom","Boys",2000,16,174.3342773,173.8748794,174.7930543,0.229843996
"United Kingdom","Boys",2000,17,176.0243743,175.5464129,176.4934478,0.238719966
"United Kingdom","Boys",2000,18,176.8346721,176.3570408,177.3123948,0.24379843
"United Kingdom","Boys",2000,19,177.1843476,176.7101243,177.6415244,0.238564514
"United Kingdom","Boys",2001,5,112.2208119,111.7266614,112.6995199,0.249121147
"United Kingdom","Boys",2001,6,118.818206,118.3809172,119.2363671,0.218915545
"United Kingdom","Boys",2001,7,124.9070777,124.4847285,125.3176457,0.212189454
"United Kingdom","Boys",2001,8,130.6239372,130.2145275,131.0288845,0.20753056
"United Kingdom","Boys",2001,9,136.0922482,135.6980998,136.4950412,0.202977217
"United Kingdom","Boys",2001,10,141.4508606,141.0653619,141.8450899,0.197537095
"United Kingdom","Boys",2001,11,146.9241989,146.5429077,147.3080817,0.197708082
"United Kingdom","Boys",2001,12,153.0469547,152.6474906,153.4425171,0.202785474
"United Kingdom","Boys",2001,13,160.0724596,159.6681714,160.4748904,0.206561672
"United Kingdom","Boys",2001,14,166.6393334,166.2250561,167.0578147,0.210778023
"United Kingdom","Boys",2001,15,171.3686329,170.9420893,171.7904632,0.215305481
"United Kingdom","Boys",2001,16,174.344391,173.9033006,174.7750931,0.223868169
"United Kingdom","Boys",2001,17,176.0238487,175.5605074,176.4796183,0.233763929
"United Kingdom","Boys",2001,18,176.8433014,176.369284,177.3259335,0.238549684
"United Kingdom","Boys",2001,19,177.2244721,176.7596897,177.6792246,0.234175897
"United Kingdom","Boys",2002,5,112.3102325,111.8233308,112.7856915,0.243561973
"United Kingdom","Boys",2002,6,118.8956806,118.4708503,119.3073904,0.214654802
"United Kingdom","Boys",2002,7,124.9778064,124.5636829,125.3830642,0.207341037
"United Kingdom","Boys",2002,8,130.6852677,130.2805098,131.0735846,0.203407069
"United Kingdom","Boys",2002,9,136.1545746,135.7644904,136.5425863,0.198752995
"United Kingdom","Boys",2002,10,141.509191,141.1302215,141.8965181,0.193734922
"United Kingdom","Boys",2002,11,146.9723298,146.5938025,147.3629565,0.191384002
"United Kingdom","Boys",2002,12,153.1058683,152.7128913,153.4907907,0.197083895
"United Kingdom","Boys",2002,13,160.12863,159.7291493,160.5212467,0.199504915
"United Kingdom","Boys",2002,14,166.6930209,166.2977562,167.0877651,0.202634779
"United Kingdom","Boys",2002,15,171.4070784,171.0021689,171.8139322,0.207221815
"United Kingdom","Boys",2002,16,174.3704568,173.9363103,174.7955935,0.218469113
"United Kingdom","Boys",2002,17,176.0339624,175.5810962,176.4782303,0.229823503
"United Kingdom","Boys",2002,18,176.8427758,176.3741659,177.3070456,0.234895702
"United Kingdom","Boys",2002,19,177.2331014,176.7921134,177.677434,0.228763268
"United Kingdom","Boys",2003,5,112.4059324,111.9329948,112.8651909,0.238325837
"United Kingdom","Boys",2003,6,118.9851011,118.5706684,119.390339,0.208133002
"United Kingdom","Boys",2003,7,125.0552809,124.6470378,125.4483455,0.202929949
"United Kingdom","Boys",2003,8,130.7559963,130.3596223,131.1440161,0.198810795
"United Kingdom","Boys",2003,9,136.2159051,135.8270546,136.5877195,0.195165866
"United Kingdom","Boys",2003,10,141.5715173,141.208095,141.9428679,0.18994492
"United Kingdom","Boys",2003,11,147.0306601,146.6663045,147.4043709,0.18798428
"United Kingdom","Boys",2003,12,153.1539992,152.775198,153.5385275,0.191760442
"United Kingdom","Boys",2003,13,160.1875436,159.8051601,160.5742954,0.194581617
"United Kingdom","Boys",2003,14,166.7491912,166.3572611,167.1366293,0.196509941
"United Kingdom","Boys",2003,15,171.4607659,171.0704045,171.8567719,0.200639046
"United Kingdom","Boys",2003,16,174.4089024,173.9987205,174.8309798,0.212450182
"United Kingdom","Boys",2003,17,176.0600282,175.613265,176.4978707,0.22586249
"United Kingdom","Boys",2003,18,176.8528895,176.3987746,177.3046876,0.232264425
"United Kingdom","Boys",2003,19,177.2325758,176.7900925,177.6727117,0.225918524
"United Kingdom","Boys",2004,5,112.4966177,112.0337756,112.9428425,0.233385148
"United Kingdom","Boys",2004,6,119.080801,118.6806342,119.4726615,0.202029178
"United Kingdom","Boys",2004,7,125.1447015,124.7577077,125.5253135,0.196335692
"United Kingdom","Boys",2004,8,130.8334709,130.4454794,131.2118127,0.194610766
"United Kingdom","Boys",2004,9,136.2866337,135.9038155,136.6538891,0.191025694
"United Kingdom","Boys",2004,10,141.6328478,141.2610747,141.9875064,0.187046253
"United Kingdom","Boys",2004,11,147.0929865,146.7339845,147.45936,0.184765862
"United Kingdom","Boys",2004,12,153.2123295,152.843258,153.5855074,0.188933164
"United Kingdom","Boys",2004,13,160.2356745,159.8632565,160.6109507,0.190093765
"United Kingdom","Boys",2004,14,166.8081048,166.4322927,167.188737,0.192435212
"United Kingdom","Boys",2004,15,171.5169362,171.1379586,171.9077179,0.195988912
"United Kingdom","Boys",2004,16,174.4625898,174.0622048,174.8715407,0.207615828
"United Kingdom","Boys",2004,17,176.0984737,175.6593794,176.527609,0.221588702
"United Kingdom","Boys",2004,18,176.8789553,176.4278973,177.3279977,0.229374972
"United Kingdom","Boys",2004,19,177.2426895,176.7978346,177.6655439,0.223569868
"United Kingdom","Boys",2005,5,112.5745397,112.1136613,113.0178777,0.228909944
"United Kingdom","Boys",2005,6,119.1714864,118.7864364,119.5526519,0.196250261
"United Kingdom","Boys",2005,7,125.2404014,124.8697991,125.6056494,0.190077258
"United Kingdom","Boys",2005,8,130.9228914,130.5494674,131.2918028,0.188360672
"United Kingdom","Boys",2005,9,136.3641083,135.9907342,136.7291834,0.187261444
"United Kingdom","Boys",2005,10,141.7035765,141.3417552,142.0600069,0.183391828
"United Kingdom","Boys",2005,11,147.154317,146.7961615,147.5116068,0.18278163
"United Kingdom","Boys",2005,12,153.2746559,152.9043458,153.6430048,0.186453464
"United Kingdom","Boys",2005,13,160.2940048,159.9324768,160.6641984,0.188102372
"United Kingdom","Boys",2005,14,166.8562357,166.489886,167.2317787,0.188752253
"United Kingdom","Boys",2005,15,171.5758499,171.1971138,171.9565715,0.193122315
"United Kingdom","Boys",2005,16,174.5187602,174.1222846,174.9137758,0.204532003
"United Kingdom","Boys",2005,17,176.1521612,175.715028,176.5745051,0.218206888
"United Kingdom","Boys",2005,18,176.9174008,176.4619078,177.3555656,0.22626606
"United Kingdom","Boys",2005,19,177.2687553,176.8385963,177.6854697,0.221725198
"United Kingdom","Boys",2006,5,112.6251773,112.1761765,113.0557597,0.223568381
"United Kingdom","Boys",2006,6,119.2494083,118.8736271,119.6197565,0.192245992
"United Kingdom","Boys",2006,7,125.3310867,124.9658588,125.6837258,0.184363079
"United Kingdom","Boys",2006,8,131.0185913,130.656773,131.3679544,0.182286367
"United Kingdom","Boys",2006,9,136.4535288,136.0959712,136.8119208,0.18165666
"United Kingdom","Boys",2006,10,141.781051,141.4231171,142.1330972,0.18016479
"United Kingdom","Boys",2006,11,147.2250456,146.8731678,147.5749636,0.179629554
"United Kingdom","Boys",2006,12,153.3359864,152.9658278,153.7034389,0.18551903
"United Kingdom","Boys",2006,13,160.3563312,159.9900912,160.7309427,0.186376824
"United Kingdom","Boys",2006,14,166.9145661,166.5498559,167.2856315,0.187708177
"United Kingdom","Boys",2006,15,171.6239808,171.2511969,171.9932369,0.19028446
"United Kingdom","Boys",2006,16,174.5776738,174.1869234,174.9654866,0.202786811
"United Kingdom","Boys",2006,17,176.2083316,175.7775301,176.6347984,0.216172895
"United Kingdom","Boys",2006,18,176.9710883,176.5206502,177.4017041,0.224156722
"United Kingdom","Boys",2006,19,177.3072008,176.8731856,177.7275858,0.219148189
"United Kingdom","Boys",2007,5,112.66953,112.2289799,113.0912024,0.219584196
"United Kingdom","Boys",2007,6,119.3000459,118.9283262,119.6669708,0.187430716
"United Kingdom","Boys",2007,7,125.4090087,125.0478655,125.7555661,0.181517105
"United Kingdom","Boys",2007,8,131.1092767,130.7554352,131.4449895,0.177166518
"United Kingdom","Boys",2007,9,136.5492287,136.2003651,136.8889519,0.176103624
"United Kingdom","Boys",2007,10,141.8704716,141.5297669,142.2168616,0.175431087
"United Kingdom","Boys",2007,11,147.3025202,146.9516106,147.6483956,0.177046526
"United Kingdom","Boys",2007,12,153.4067151,153.0445471,153.7648443,0.183257475
"United Kingdom","Boys",2007,13,160.4176617,160.0488973,160.7784673,0.186437596
"United Kingdom","Boys",2007,14,166.9768924,166.6171848,167.349962,0.186801383
"United Kingdom","Boys",2007,15,171.6823111,171.3156922,172.0562321,0.190055272
"United Kingdom","Boys",2007,16,174.6258047,174.2365148,175.0188975,0.200665267
"United Kingdom","Boys",2007,17,176.2672452,175.8381495,176.6899843,0.215114615
"United Kingdom","Boys",2007,18,177.0272587,176.5827051,177.4594803,0.223472363
"United Kingdom","Boys",2007,19,177.3608883,176.9288187,177.7796239,0.218693155
"United Kingdom","Boys",2008,5,112.6815409,112.2422191,113.099433,0.216922594
"United Kingdom","Boys",2008,6,119.3443987,118.9698048,119.7073461,0.184444914
"United Kingdom","Boys",2008,7,125.4596463,125.1081591,125.8063565,0.178243471
"United Kingdom","Boys",2008,8,131.1871986,130.834767,131.5187831,0.175684429
"United Kingdom","Boys",2008,9,136.6399141,136.298075,136.9654142,0.172084015
"United Kingdom","Boys",2008,10,141.9661715,141.6274241,142.2933606,0.17078695
"United Kingdom","Boys",2008,11,147.3919407,147.0532504,147.7413846,0.17346146
"United Kingdom","Boys",2008,12,153.4841896,153.1281966,153.8347727,0.181669893
"United Kingdom","Boys",2008,13,160.4883904,160.1207129,160.8516792,0.185563958
"United Kingdom","Boys",2008,14,167.0382229,166.6697413,167.4044359,0.187767949
"United Kingdom","Boys",2008,15,171.7446375,171.3727994,172.1204199,0.190054545
"United Kingdom","Boys",2008,16,174.684135,174.2946682,175.0740047,0.201082713
"United Kingdom","Boys",2008,17,176.3153761,175.8845849,176.7423195,0.213589647
"United Kingdom","Boys",2008,18,177.0861723,176.6452394,177.5191937,0.223995718
"United Kingdom","Boys",2008,19,177.4170587,176.979509,177.8457645,0.220952928
"United Kingdom","Boys",2009,5,112.7040343,112.2757597,113.1304627,0.215139057
"United Kingdom","Boys",2009,6,119.3564096,118.9849687,119.7165124,0.183980238
"United Kingdom","Boys",2009,7,125.503999,125.1487552,125.8480988,0.177021892
"United Kingdom","Boys",2009,8,131.2378362,130.8937624,131.5723212,0.174205677
"United Kingdom","Boys",2009,9,136.717836,136.373695,137.0447814,0.17209034
"United Kingdom","Boys",2009,10,142.0568568,141.7168766,142.3806696,0.168389672
"United Kingdom","Boys",2009,11,147.4876406,147.1514671,147.8198419,0.170250258
"United Kingdom","Boys",2009,12,153.5736101,153.2276389,153.9337555,0.179576109
"United Kingdom","Boys",2009,13,160.5658649,160.2054197,160.9223334,0.185375086
"United Kingdom","Boys",2009,14,167.1089516,166.7379682,167.4755827,0.188354461
"United Kingdom","Boys",2009,15,171.805968,171.4248599,172.1824723,0.191829576
"United Kingdom","Boys",2009,16,174.7464614,174.3532365,175.1470225,0.202067755
"United Kingdom","Boys",2009,17,176.3737064,175.9439908,176.7968217,0.214752952
"United Kingdom","Boys",2009,18,177.1343032,176.6873325,177.5725779,0.224457969
"United Kingdom","Boys",2009,19,177.4759723,177.0279866,177.9130825,0.225456708
"United Kingdom","Boys",2010,5,112.7396609,112.3104961,113.1631207,0.215239797
"United Kingdom","Boys",2010,6,119.378903,119.0145381,119.740335,0.1848185
"United Kingdom","Boys",2010,7,125.5160099,125.1585543,125.8638872,0.179062611
"United Kingdom","Boys",2010,8,131.282189,130.9391842,131.6239196,0.174870406
"United Kingdom","Boys",2010,9,136.7684736,136.426526,137.1022831,0.17238265
"United Kingdom","Boys",2010,10,142.1347788,141.8063926,142.4556318,0.169976558
"United Kingdom","Boys",2010,11,147.578326,147.2420389,147.9115962,0.169968501
"United Kingdom","Boys",2010,12,153.66931,153.3197171,154.019567,0.17822931
"United Kingdom","Boys",2010,13,160.6552854,160.300845,161.0148801,0.184966838
"United Kingdom","Boys",2010,14,167.1864261,166.8159441,167.5552639,0.189749241
"United Kingdom","Boys",2010,15,171.8766966,171.4901639,172.2553546,0.193569528
"United Kingdom","Boys",2010,16,174.8077919,174.4007671,175.2083622,0.204707081
"United Kingdom","Boys",2010,17,176.4360328,175.9982477,176.8700159,0.216955901
"United Kingdom","Boys",2010,18,177.1926335,176.7380468,177.6489643,0.227643473
"United Kingdom","Boys",2010,19,177.5241032,177.0584684,177.9737739,0.230872483
"United Kingdom","Boys",2011,5,112.7825142,112.3447983,113.2065691,0.216185855
"United Kingdom","Boys",2011,6,119.4145295,119.0463188,119.7878106,0.187981033
"United Kingdom","Boys",2011,7,125.5385033,125.1821585,125.8942247,0.182685621
"United Kingdom","Boys",2011,8,131.2941999,130.9452769,131.6432618,0.179167411
"United Kingdom","Boys",2011,9,136.8128264,136.4688112,137.1506657,0.174848688
"United Kingdom","Boys",2011,10,142.1854164,141.8503,142.5157335,0.171803832
"United Kingdom","Boys",2011,11,147.6562479,147.3133379,147.9926652,0.173134009
"United Kingdom","Boys",2011,12,153.7599954,153.4070175,154.1154261,0.180072801
"United Kingdom","Boys",2011,13,160.7509853,160.386556,161.1058148,0.185586009
"United Kingdom","Boys",2011,14,167.2758466,166.9108769,167.6538325,0.191176062
"United Kingdom","Boys",2011,15,171.9541711,171.5706359,172.336615,0.196450344
"United Kingdom","Boys",2011,16,174.8785206,174.4649458,175.2924476,0.207829529
"United Kingdom","Boys",2011,17,176.4973633,176.0546945,176.9328121,0.22085084
"United Kingdom","Boys",2011,18,177.2549599,176.7864714,177.7152782,0.232086705
"United Kingdom","Boys",2011,19,177.5824335,177.1081557,178.0555704,0.238506977
"United Kingdom","Boys",2012,5,112.8146981,112.379836,113.2452196,0.219735622
"United Kingdom","Boys",2012,6,119.4573828,119.0867875,119.8390633,0.193046204
"United Kingdom","Boys",2012,7,125.5741299,125.2110171,125.9431451,0.188685233
"United Kingdom","Boys",2012,8,131.3166933,130.9551467,131.6743049,0.185237446
"United Kingdom","Boys",2012,9,136.8248373,136.468701,137.1728544,0.18103667
"United Kingdom","Boys",2012,10,142.2297691,141.8890734,142.57139,0.175851818
"United Kingdom","Boys",2012,11,147.7068855,147.3571714,148.0538037,0.176122556
"United Kingdom","Boys",2012,12,153.8379173,153.4691709,154.205833,0.184629811
"United Kingdom","Boys",2012,13,160.8416707,160.4737504,161.2150542,0.189231675
"United Kingdom","Boys",2012,14,167.3715465,166.9921398,167.7543007,0.193616896
"United Kingdom","Boys",2012,15,172.0435917,171.6559665,172.4323861,0.199728504
"United Kingdom","Boys",2012,16,174.9559951,174.5491734,175.3695752,0.211986137
"United Kingdom","Boys",2012,17,176.5680919,176.1177786,177.0201047,0.226031921
"United Kingdom","Boys",2012,18,177.3162904,176.8395338,177.7967935,0.238164393
"United Kingdom","Boys",2012,19,177.6447599,177.1520575,178.1295186,0.246950504
"United Kingdom","Boys",2013,5,112.8354662,112.3887892,113.2805624,0.227289849
"United Kingdom","Boys",2013,6,119.4895667,119.094575,119.889898,0.202062621
"United Kingdom","Boys",2013,7,125.6169832,125.2319616,126.0067467,0.197153905
"United Kingdom","Boys",2013,8,131.3523198,130.9789881,131.7325056,0.193671923
"United Kingdom","Boys",2013,9,136.8473307,136.4733186,137.2173441,0.189117875
"United Kingdom","Boys",2013,10,142.24178,141.8843164,142.5995113,0.18352866
"United Kingdom","Boys",2013,11,147.7512383,147.3984822,148.1029604,0.181387213
"United Kingdom","Boys",2013,12,153.8885549,153.5111754,154.2635505,0.188687741
"United Kingdom","Boys",2013,13,160.9195926,160.5299244,161.3080446,0.195150573
"United Kingdom","Boys",2013,14,167.4622319,167.0656987,167.8486198,0.198757671
"United Kingdom","Boys",2013,15,172.1392916,171.7401456,172.5404062,0.203636585
"United Kingdom","Boys",2013,16,175.0454156,174.6242208,175.4729451,0.216832156
"United Kingdom","Boys",2013,17,176.6455664,176.1915824,177.0972082,0.231383033
"United Kingdom","Boys",2013,18,177.387019,176.9095416,177.8792724,0.245460609
"United Kingdom","Boys",2013,19,177.7060904,177.1935167,178.2136673,0.256417317
"United Kingdom","Boys",2014,5,112.8270986,112.3545156,113.2843116,0.239194238
"United Kingdom","Boys",2014,6,119.5103348,119.0935986,119.9386413,0.215556408
"United Kingdom","Boys",2014,7,125.6491671,125.2407451,126.0638416,0.209802111
"United Kingdom","Boys",2014,8,131.3951731,130.9950721,131.797609,0.204801822
"United Kingdom","Boys",2014,9,136.8829572,136.4976188,137.2779801,0.199632913
"United Kingdom","Boys",2014,10,142.2642734,141.8887832,142.6425519,0.193156845
"United Kingdom","Boys",2014,11,147.7632492,147.3848605,148.1316459,0.190005509
"United Kingdom","Boys",2014,12,153.9329077,153.545956,154.3100113,0.194923163
"United Kingdom","Boys",2014,13,160.9702302,160.5763376,161.3679848,0.200667067
"United Kingdom","Boys",2014,14,167.5401539,167.1328556,167.9529225,0.205976204
"United Kingdom","Boys",2014,15,172.2299769,171.8220445,172.6428817,0.209967834
"United Kingdom","Boys",2014,16,175.1411155,174.7113425,175.5784002,0.221875653
"United Kingdom","Boys",2014,17,176.734987,176.2712838,177.1981644,0.237442104
"United Kingdom","Boys",2014,18,177.4644935,176.9660455,177.9582419,0.252081652
"United Kingdom","Boys",2014,19,177.776819,177.2527693,178.2940786,0.265072964
"United Kingdom","Boys",2015,5,112.7923203,112.2707775,113.3022525,0.263810694
"United Kingdom","Boys",2015,6,119.5019673,119.0420047,119.9689743,0.234541631
"United Kingdom","Boys",2015,7,125.6699352,125.2231167,126.1268466,0.227099523
"United Kingdom","Boys",2015,8,131.427357,131.0038644,131.8596235,0.219844477
"United Kingdom","Boys",2015,9,136.9258105,136.5072758,137.3423036,0.212837118
"United Kingdom","Boys",2015,10,142.2999,141.8971726,142.7052555,0.205471175
"United Kingdom","Boys",2015,11,147.7857426,147.3915854,148.1793744,0.200542685
"United Kingdom","Boys",2015,12,153.9449186,153.5409795,154.3397355,0.203989548
"United Kingdom","Boys",2015,13,161.014583,160.5986642,161.4255768,0.208092647
"United Kingdom","Boys",2015,14,167.5907914,167.1676771,168.0098345,0.213099167
"United Kingdom","Boys",2015,15,172.3078989,171.8809441,172.7285209,0.218325129
"United Kingdom","Boys",2015,16,175.2318009,174.7815797,175.676245,0.228834432
"United Kingdom","Boys",2015,17,176.8306869,176.3528015,177.3071681,0.243516202
"United Kingdom","Boys",2015,18,177.5539141,177.0443312,178.0606219,0.258998381
"United Kingdom","Boys",2015,19,177.8542935,177.3218152,178.391547,0.273112137
"United Kingdom","Boys",2016,5,112.7370269,112.1285789,113.3137806,0.306649915
"United Kingdom","Boys",2016,6,119.467189,118.9498889,119.9986754,0.266343024
"United Kingdom","Boys",2016,7,125.6615676,125.1712106,126.1588204,0.249877
"United Kingdom","Boys",2016,8,131.4481251,130.9786508,131.9216559,0.239713301
"United Kingdom","Boys",2016,9,136.9579944,136.5130345,137.4038202,0.229498871
"United Kingdom","Boys",2016,10,142.3427533,141.9138555,142.76813,0.220304641
"United Kingdom","Boys",2016,11,147.8213691,147.398911,148.2434984,0.214149271
"United Kingdom","Boys",2016,12,153.967412,153.5410144,154.3853363,0.214802151
"United Kingdom","Boys",2016,13,161.0265939,160.5941097,161.453033,0.217666485
"United Kingdom","Boys",2016,14,167.6351442,167.1960772,168.0691957,0.221715071
"United Kingdom","Boys",2016,15,172.3585365,171.9094719,172.7991325,0.226849098
"United Kingdom","Boys",2016,16,175.3097228,174.8404281,175.7684902,0.237769635
"United Kingdom","Boys",2016,17,176.9213722,176.4248825,177.411469,0.250749431
"United Kingdom","Boys",2016,18,177.649614,177.1229046,178.1763197,0.265925096
"United Kingdom","Boys",2016,19,177.9437141,177.3941001,178.501862,0.280533947
"United Kingdom","Boys",2017,5,112.672738,111.941681,113.3975025,0.372480519
"United Kingdom","Boys",2017,6,119.4118956,118.7896455,120.0279616,0.314951604
"United Kingdom","Boys",2017,7,125.6267893,125.0735478,126.2064028,0.284667417
"United Kingdom","Boys",2017,8,131.4397576,130.9166889,131.9772531,0.264676929
"United Kingdom","Boys",2017,9,136.9787625,136.4849928,137.4701489,0.251025364
"United Kingdom","Boys",2017,10,142.3749372,141.9096579,142.8375686,0.238147536
"United Kingdom","Boys",2017,11,147.8642224,147.411007,148.3147208,0.230009536
"United Kingdom","Boys",2017,12,154.0030386,153.5514512,154.4580316,0.228745023
"United Kingdom","Boys",2017,13,161.0490873,160.5981676,161.4939392,0.228719342
"United Kingdom","Boys",2017,14,167.6471551,167.193644,168.1040501,0.231622521
"United Kingdom","Boys",2017,15,172.4028892,171.9354212,172.865736,0.23637569
"United Kingdom","Boys",2017,16,175.3603604,174.8625558,175.8468413,0.246963767
"United Kingdom","Boys",2017,17,176.9992942,176.4739876,177.5056401,0.259826355
"United Kingdom","Boys",2017,18,177.7402993,177.1946966,178.2777602,0.273619741
"United Kingdom","Boys",2017,19,178.039414,177.4834931,178.6041512,0.288058468
"United Kingdom","Boys",2018,5,112.6054885,111.6956315,113.4998273,0.465246957
"United Kingdom","Boys",2018,6,119.3476066,118.5822027,120.1123353,0.384106464
"United Kingdom","Boys",2018,7,125.5714959,124.9119054,126.2394338,0.334695322
"United Kingdom","Boys",2018,8,131.4049793,130.818955,132.018658,0.300899967
"United Kingdom","Boys",2018,9,136.970395,136.4162682,137.5185862,0.277166165
"United Kingdom","Boys",2018,10,142.3957053,141.8841894,142.8978448,0.260574037
"United Kingdom","Boys",2018,11,147.8964063,147.4073841,148.3852511,0.248571651
"United Kingdom","Boys",2018,12,154.0458918,153.5701208,154.5318728,0.244759345
"United Kingdom","Boys",2018,13,161.0847139,160.6078915,161.5587601,0.242456316
"United Kingdom","Boys",2018,14,167.6696485,167.1875964,168.1428632,0.24281954
"United Kingdom","Boys",2018,15,172.4149002,171.9397921,172.9004958,0.246278484
"United Kingdom","Boys",2018,16,175.4047132,174.8951787,175.9142267,0.256696113
"United Kingdom","Boys",2018,17,177.0499318,176.5192481,177.5739785,0.268997002
"United Kingdom","Boys",2018,18,177.8182213,177.2494049,178.3748904,0.282734113
"United Kingdom","Boys",2018,19,178.1300993,177.5553734,178.7071127,0.296718009
"United Kingdom","Boys",2019,5,112.5370945,111.3848034,113.677833,0.583905762
"United Kingdom","Boys",2019,6,119.2803572,118.3449339,120.2128978,0.478469224
"United Kingdom","Boys",2019,7,125.507207,124.718187,126.3161994,0.403701147
"United Kingdom","Boys",2019,8,131.3496858,130.6563842,132.0515681,0.351200122
"United Kingdom","Boys",2019,9,136.9356167,136.3216958,137.5651153,0.31387851
"United Kingdom","Boys",2019,10,142.3873377,141.8241476,142.9564257,0.28721393
"United Kingdom","Boys",2019,11,147.9171744,147.3878709,148.444673,0.27105167
"United Kingdom","Boys",2019,12,154.0780757,153.5589646,154.5977423,0.263384494
"United Kingdom","Boys",2019,13,161.1275671,160.6205147,161.6306809,0.258236654
"United Kingdom","Boys",2019,14,167.7052751,167.2037565,168.2055227,0.256254106
"United Kingdom","Boys",2019,15,172.4373936,171.9336573,172.9493327,0.257444933
"United Kingdom","Boys",2019,16,175.4167241,174.9071193,175.9425704,0.266321737
"United Kingdom","Boys",2019,17,177.0942846,176.548919,177.6321278,0.278345218
"United Kingdom","Boys",2019,18,177.8688589,177.2941116,178.4326669,0.291466531
"United Kingdom","Boys",2019,19,178.2080213,177.6163727,178.8101862,0.305991109
"United Kingdom","Girls",1985,5,111.015204,110.3521704,111.6671532,0.33839111
"United Kingdom","Girls",1985,6,117.680481,117.0623099,118.3154535,0.324018791
"United Kingdom","Girls",1985,7,123.7722224,123.161155,124.4054942,0.31996552
"United Kingdom","Girls",1985,8,129.5834866,128.9720889,130.2089335,0.31710556
"United Kingdom","Girls",1985,9,135.405236,134.7965605,136.0135453,0.311242538
"United Kingdom","Girls",1985,10,141.5144017,140.9331848,142.120612,0.305763552
"United Kingdom","Girls",1985,11,147.9266922,147.3513017,148.517058,0.301394325
"United Kingdom","Girls",1985,12,153.6266906,153.0450649,154.2193187,0.29988969
"United Kingdom","Girls",1985,13,157.6340645,157.0467835,158.2145457,0.298722633
"United Kingdom","Girls",1985,14,160.1460578,159.5587461,160.7339858,0.302842164
"United Kingdom","Girls",1985,15,161.6286558,161.0114635,162.2524704,0.31677056
"United Kingdom","Girls",1985,16,162.3716381,161.7195205,163.0372396,0.342504062
"United Kingdom","Girls",1985,17,162.6219052,161.8997615,163.324492,0.369349249
"United Kingdom","Girls",1985,18,162.6486792,161.8654297,163.4240669,0.403373925
"United Kingdom","Girls",1985,19,162.7115217,161.8356785,163.5856806,0.450964506
"United Kingdom","Girls",1986,5,111.044439,110.3911802,111.6866996,0.331566941
"United Kingdom","Girls",1986,6,117.7147019,117.0986507,118.3336887,0.317397764
"United Kingdom","Girls",1986,7,123.806726,123.210916,124.4288321,0.314199872
"United Kingdom","Girls",1986,8,129.6204333,129.0211478,130.2367994,0.312500824
"United Kingdom","Girls",1986,9,135.445502,134.8537384,136.0490922,0.306725542
"United Kingdom","Girls",1986,10,141.5593725,140.9776818,142.1618847,0.301464392
"United Kingdom","Girls",1986,11,147.9774645,147.4084566,148.5660278,0.296550173
"United Kingdom","Girls",1986,12,153.6829628,153.1156823,154.2700115,0.29445344
"United Kingdom","Girls",1986,13,157.6960908,157.1296213,158.2672978,0.291482671
"United Kingdom","Girls",1986,14,160.211599,159.6509709,160.7728389,0.290723078
"United Kingdom","Girls",1986,15,161.6817854,161.1000959,162.2602488,0.297159226
"United Kingdom","Girls",1986,16,162.4177692,161.8078547,163.0350167,0.314106964
"United Kingdom","Girls",1986,17,162.6644243,162.0247455,163.3044374,0.330022228
"United Kingdom","Girls",1986,18,162.6888195,162.0133265,163.3680296,0.351817541
"United Kingdom","Girls",1986,19,162.7521702,161.9958434,163.5128054,0.387520417
"United Kingdom","Girls",1987,5,111.0633402,110.4280485,111.6948901,0.323048036
"United Kingdom","Girls",1987,6,117.7439369,117.1389902,118.3655709,0.310311672
"United Kingdom","Girls",1987,7,123.8409468,123.2504379,124.4568499,0.307324995
"United Kingdom","Girls",1987,8,129.6549369,129.0613843,130.2612991,0.30660532
"United Kingdom","Girls",1987,9,135.4824487,134.9046147,136.0779646,0.301822771
"United Kingdom","Girls",1987,10,141.5996385,141.0306451,142.1879198,0.296652455
"United Kingdom","Girls",1987,11,148.0224352,147.4533549,148.6050331,0.291925248
"United Kingdom","Girls",1987,12,153.7337351,153.1663061,154.3064153,0.289315992
"United Kingdom","Girls",1987,13,157.7523631,157.2035281,158.3162356,0.28558044
"United Kingdom","Girls",1987,14,160.2736253,159.7295143,160.8214179,0.282625182
"United Kingdom","Girls",1987,15,161.7473267,161.1933782,162.3026208,0.283934103
"United Kingdom","Girls",1987,16,162.4708988,161.8894667,163.0453643,0.293703719
"United Kingdom","Girls",1987,17,162.7105554,162.1200561,163.29381,0.300552559
"United Kingdom","Girls",1987,18,162.7313385,162.1351728,163.3343872,0.310828835
"United Kingdom","Girls",1987,19,162.7923104,162.1440181,163.4381538,0.33447891
"United Kingdom","Girls",1988,5,111.0789191,110.4658755,111.6909815,0.313709
"United Kingdom","Girls",1988,6,117.7628381,117.1778765,118.368501,0.301459262
"United Kingdom","Girls",1988,7,123.8701818,123.2930723,124.4662574,0.30004287
"United Kingdom","Girls",1988,8,129.6891578,129.1066468,130.2825471,0.299539714
"United Kingdom","Girls",1988,9,135.5169523,134.9527967,136.101539,0.295616403
"United Kingdom","Girls",1988,10,141.6365852,141.0805717,142.2112549,0.291398341
"United Kingdom","Girls",1988,11,148.0627012,147.5062518,148.6336222,0.286749053
"United Kingdom","Girls",1988,12,153.7787059,153.2106119,154.346945,0.284308108
"United Kingdom","Girls",1988,13,157.8031354,157.2563921,158.3640027,0.280052662
"United Kingdom","Girls",1988,14,160.3298976,159.8097807,160.8751265,0.276007867
"United Kingdom","Girls",1988,15,161.809353,161.2842853,162.3464965,0.274722931
"United Kingdom","Girls",1988,16,162.5364401,161.9817462,163.083157,0.279592536
"United Kingdom","Girls",1988,17,162.763685,162.2020754,163.3082556,0.279316613
"United Kingdom","Girls",1988,18,162.7774696,162.2299316,163.3249505,0.279995963
"United Kingdom","Girls",1988,19,162.8348295,162.2664632,163.4072721,0.292370147
"United Kingdom","Girls",1989,5,111.0913244,110.4963709,111.6897238,0.30397632
"United Kingdom","Girls",1989,6,117.778417,117.2028204,118.3643835,0.29154799
"United Kingdom","Girls",1989,7,123.889083,123.317869,124.4761468,0.291067085
"United Kingdom","Girls",1989,8,129.7183928,129.1397256,130.3027146,0.292041207
"United Kingdom","Girls",1989,9,135.5511732,134.9962679,136.1201557,0.28832755
"United Kingdom","Girls",1989,10,141.6710888,141.1325507,142.2413271,0.284796506
"United Kingdom","Girls",1989,11,148.0996479,147.5557817,148.6575615,0.281017238
"United Kingdom","Girls",1989,12,153.8189719,153.2591574,154.3767706,0.278730624
"United Kingdom","Girls",1989,13,157.8481061,157.3049295,158.3938635,0.27456875
"United Kingdom","Girls",1989,14,160.3806699,159.8654543,160.9157611,0.269861597
"United Kingdom","Girls",1989,15,161.8656253,161.3605268,162.3868919,0.267090261
"United Kingdom","Girls",1989,16,162.5984664,162.0633471,163.1219661,0.269438555
"United Kingdom","Girls",1989,17,162.8292263,162.3005914,163.3464193,0.264522199
"United Kingdom","Girls",1989,18,162.8305992,162.3175643,163.3435558,0.257943924
"United Kingdom","Girls",1989,19,162.8809606,162.3739423,163.3904462,0.260867247
"United Kingdom","Girls",1990,5,111.1039965,110.5254839,111.6880042,0.29398974
"United Kingdom","Girls",1990,6,117.7908223,117.2408519,118.3586478,0.281186382
"United Kingdom","Girls",1990,7,123.904662,123.3576877,124.46716,0.280866472
"United Kingdom","Girls",1990,8,129.737294,129.1801771,130.2944789,0.282949499
"United Kingdom","Girls",1990,9,135.5804082,135.0255346,136.1347404,0.2805274
"United Kingdom","Girls",1990,10,141.7053097,141.1791817,142.2538623,0.277279046
"United Kingdom","Girls",1990,11,148.1341515,147.6067843,148.6780848,0.273990034
"United Kingdom","Girls",1990,12,153.8559186,153.3277904,154.401538,0.272560243
"United Kingdom","Girls",1990,13,157.8883721,157.3544454,158.4162452,0.268478913
"United Kingdom","Girls",1990,14,160.4256406,159.9146142,160.9445569,0.26371872
"United Kingdom","Girls",1990,15,161.9163976,161.4224016,162.427503,0.260041039
"United Kingdom","Girls",1990,16,162.6547386,162.150552,163.1624873,0.26093063
"United Kingdom","Girls",1990,17,162.8912526,162.3794266,163.3924158,0.253844258
"United Kingdom","Girls",1990,18,162.8961405,162.4160489,163.3811641,0.242783042
"United Kingdom","Girls",1990,19,162.9340902,162.469929,163.402173,0.238905969
"United Kingdom","Girls",1991,5,111.1162765,110.5702855,111.6810951,0.283521529
"United Kingdom","Girls",1991,6,117.8034945,117.2730172,118.3488317,0.270243285
"United Kingdom","Girls",1991,7,123.9170673,123.3961144,124.4568159,0.270114301
"United Kingdom","Girls",1991,8,129.7528729,129.2164687,130.2920799,0.272570043
"United Kingdom","Girls",1991,9,135.5993094,135.0664463,136.1306446,0.271177225
"United Kingdom","Girls",1991,10,141.7345447,141.2131515,142.2663088,0.269192033
"United Kingdom","Girls",1991,11,148.1683724,147.6644822,148.6939632,0.266184908
"United Kingdom","Girls",1991,12,153.8904222,153.3741565,154.4148501,0.265211501
"United Kingdom","Girls",1991,13,157.9253189,157.4110522,158.4421059,0.261963933
"United Kingdom","Girls",1991,14,160.4659066,159.9646773,160.9679227,0.257009644
"United Kingdom","Girls",1991,15,161.9613683,161.47363,162.4585961,0.253031787
"United Kingdom","Girls",1991,16,162.705511,162.2149808,163.2038835,0.253133189
"United Kingdom","Girls",1991,17,162.9475248,162.4667663,163.4235543,0.24502601
"United Kingdom","Girls",1991,18,162.9581668,162.4993301,163.418291,0.232131087
"United Kingdom","Girls",1991,19,162.9996314,162.5670017,163.4400667,0.224571243
"United Kingdom","Girls",1992,5,111.1298184,110.6041361,111.6762144,0.273236247
"United Kingdom","Girls",1992,6,117.8157744,117.3130986,118.3465524,0.258918979
"United Kingdom","Girls",1992,7,123.9297394,123.42633,124.4513559,0.258612258
"United Kingdom","Girls",1992,8,129.7652782,129.25786,130.2761184,0.261596755
"United Kingdom","Girls",1992,9,135.6148883,135.1099613,136.1287321,0.260582938
"United Kingdom","Girls",1992,10,141.7534459,141.2480913,142.2662973,0.259624712
"United Kingdom","Girls",1992,11,148.1976074,147.7010582,148.7046595,0.257827401
"United Kingdom","Girls",1992,12,153.9246431,153.4249787,154.4315352,0.257212718
"United Kingdom","Girls",1992,13,157.9598225,157.4676131,158.4620813,0.254366392
"United Kingdom","Girls",1992,14,160.5028534,160.0153069,160.9890237,0.250201204
"United Kingdom","Girls",1992,15,162.0016343,161.5147903,162.4879804,0.245670123
"United Kingdom","Girls",1992,16,162.7504817,162.2751506,163.2297307,0.245507936
"United Kingdom","Girls",1992,17,162.9982971,162.5373097,163.4489157,0.237087985
"United Kingdom","Girls",1992,18,163.0144391,162.5825942,163.4529264,0.223589741
"United Kingdom","Girls",1992,19,163.0616578,162.6349063,163.4843662,0.21539328
"United Kingdom","Girls",1993,5,111.1490535,110.643075,111.6681465,0.263385004
"United Kingdom","Girls",1993,6,117.8293163,117.3491117,118.3377985,0.247993408
"United Kingdom","Girls",1993,7,123.9420193,123.4604726,124.437909,0.246864719
"United Kingdom","Girls",1993,8,129.7779503,129.2859064,130.2738776,0.249846071
"United Kingdom","Girls",1993,9,135.6272936,135.1453099,136.1164567,0.249486266
"United Kingdom","Girls",1993,10,141.7690248,141.2907418,142.2578596,0.248925197
"United Kingdom","Girls",1993,11,148.2165086,147.7316021,148.7079497,0.248151775
"United Kingdom","Girls",1993,12,153.9538781,153.4724961,154.441549,0.248737367
"United Kingdom","Girls",1993,13,157.9940433,157.5184135,158.4791111,0.246251903
"United Kingdom","Girls",1993,14,160.537357,160.0724108,161.0182466,0.242456378
"United Kingdom","Girls",1993,15,162.038581,161.5679631,162.508032,0.238592089
"United Kingdom","Girls",1993,16,162.7907477,162.3264442,163.2596494,0.237852584
"United Kingdom","Girls",1993,17,163.0432679,162.5911808,163.4843498,0.229607932
"United Kingdom","Girls",1993,18,163.0652114,162.6530973,163.4813447,0.216174828
"United Kingdom","Girls",1993,19,163.11793,162.7137554,163.524584,0.208730736
"United Kingdom","Girls",1994,5,111.1756944,110.6771661,111.6727222,0.253549095
"United Kingdom","Girls",1994,6,117.8485514,117.3912021,118.326972,0.237411722
"United Kingdom","Girls",1994,7,123.9555613,123.5004539,124.4345901,0.235569167
"United Kingdom","Girls",1994,8,129.7902303,129.3180119,130.267618,0.237970533
"United Kingdom","Girls",1994,9,135.6399658,135.1793689,136.1055795,0.237682621
"United Kingdom","Girls",1994,10,141.7814301,141.3210895,142.2518177,0.237902539
"United Kingdom","Girls",1994,11,148.2320875,147.7701932,148.6980597,0.237450865
"United Kingdom","Girls",1994,12,153.9727793,153.5098889,154.4439646,0.239171998
"United Kingdom","Girls",1994,13,158.0232783,157.561729,158.4928574,0.237757842
"United Kingdom","Girls",1994,14,160.5715779,160.1181887,161.0360203,0.234304197
"United Kingdom","Girls",1994,15,162.0730846,161.625738,162.5317315,0.230860896
"United Kingdom","Girls",1994,16,162.8276944,162.3741886,163.2813527,0.230838173
"United Kingdom","Girls",1994,17,163.0835339,162.6435756,163.5068439,0.222443385
"United Kingdom","Girls",1994,18,163.1101821,162.708707,163.5104896,0.20959947
"United Kingdom","Girls",1994,19,163.1687023,162.778952,163.5694867,0.203571633
"United Kingdom","Girls",1995,5,111.2100196,110.7327816,111.6848082,0.244402474
"United Kingdom","Girls",1995,6,117.8751923,117.4383862,118.3336987,0.226840895
"United Kingdom","Girls",1995,7,123.9747963,123.5367466,124.4280113,0.224859941
"United Kingdom","Girls",1995,8,129.8037722,129.3581899,130.2608989,0.226566154
"United Kingdom","Girls",1995,9,135.6522457,135.208085,136.1025131,0.225830815
"United Kingdom","Girls",1995,10,141.7941022,141.3540449,142.2387329,0.226334989
"United Kingdom","Girls",1995,11,148.2444928,147.8041006,148.691286,0.226595741
"United Kingdom","Girls",1995,12,153.9883582,153.5431259,154.4385538,0.228751839
"United Kingdom","Girls",1995,13,158.0421795,157.6048684,158.4936639,0.228370668
"United Kingdom","Girls",1995,14,160.6008128,160.1562983,161.0528697,0.22600067
"United Kingdom","Girls",1995,15,162.1073055,161.6786491,162.5506935,0.222774856
"United Kingdom","Girls",1995,16,162.862198,162.4271931,163.3143869,0.22355086
"United Kingdom","Girls",1995,17,163.1204806,162.6938846,163.5455375,0.216164044
"United Kingdom","Girls",1995,18,163.1504481,162.7559059,163.5472331,0.203393997
"United Kingdom","Girls",1995,19,163.2136731,162.8337073,163.6042369,0.19980943
"United Kingdom","Girls",1996,5,111.2504245,110.7962044,111.7145113,0.236509939
"United Kingdom","Girls",1996,6,117.9095175,117.4936368,118.3492013,0.21706074
"United Kingdom","Girls",1996,7,124.0014373,123.5843747,124.4336298,0.214415139
"United Kingdom","Girls",1996,8,129.8230073,129.3997227,130.2521505,0.21602673
"United Kingdom","Girls",1996,9,135.6657876,135.2499218,136.0962007,0.214557543
"United Kingdom","Girls",1996,10,141.8063822,141.3854725,142.2357167,0.21482367
"United Kingdom","Girls",1996,11,148.257165,147.8470015,148.6857491,0.215405382
"United Kingdom","Girls",1996,12,154.0007635,153.581022,154.4308663,0.218367928
"United Kingdom","Girls",1996,13,158.0577585,157.6354357,158.4898224,0.218400423
"United Kingdom","Girls",1996,14,160.619714,160.2028574,161.0492151,0.216970939
"United Kingdom","Girls",1996,15,162.1365405,161.7195018,162.5673269,0.215003327
"United Kingdom","Girls",1996,16,162.8964189,162.4755913,163.3362407,0.215958593
"United Kingdom","Girls",1996,17,163.1549842,162.7408582,163.5727866,0.209948007
"United Kingdom","Girls",1996,18,163.1873949,162.8068805,163.5802084,0.198136851
"United Kingdom","Girls",1996,19,163.253939,162.8815407,163.6353099,0.196087609
"United Kingdom","Girls",1997,5,111.2974814,110.8585292,111.7462427,0.229322894
"United Kingdom","Girls",1997,6,117.9499224,117.5500956,118.3727203,0.208706579
"United Kingdom","Girls",1997,7,124.0357625,123.6376726,124.4472011,0.20503401
"United Kingdom","Girls",1997,8,129.8496482,129.4487275,130.2565878,0.206052191
"United Kingdom","Girls",1997,9,135.6850227,135.289486,136.0855373,0.204211167
"United Kingdom","Girls",1997,10,141.8199241,141.4253272,142.2288493,0.204074504
"United Kingdom","Girls",1997,11,148.2694449,147.8697678,148.6718187,0.204441609
"United Kingdom","Girls",1997,12,154.0134357,153.6109164,154.4222115,0.207903776
"United Kingdom","Girls",1997,13,158.0701638,157.6629951,158.4802758,0.208689853
"United Kingdom","Girls",1997,14,160.635293,160.2324504,161.0454546,0.207717064
"United Kingdom","Girls",1997,15,162.1554417,161.7491322,162.5707421,0.206655206
"United Kingdom","Girls",1997,16,162.9256539,162.5155513,163.3496835,0.209240467
"United Kingdom","Girls",1997,17,163.1892051,162.784796,163.5940691,0.203560811
"United Kingdom","Girls",1997,18,163.2218984,162.8484916,163.6103667,0.193104618
"United Kingdom","Girls",1997,19,163.2908858,162.9187358,163.6667524,0.193057397
"United Kingdom","Girls",1998,5,111.3454601,110.9098025,111.7922904,0.223836355
"United Kingdom","Girls",1998,6,117.9969793,117.6097145,118.4046624,0.201182226
"United Kingdom","Girls",1998,7,124.0761673,123.695275,124.4735182,0.197061433
"United Kingdom","Girls",1998,8,129.8839734,129.4953318,130.2733598,0.197403081
"United Kingdom","Girls",1998,9,135.7116636,135.3332468,136.093014,0.194595916
"United Kingdom","Girls",1998,10,141.8391592,141.4690262,142.2211649,0.19420909
"United Kingdom","Girls",1998,11,148.2829868,147.9096298,148.6682609,0.194419817
"United Kingdom","Girls",1998,12,154.0257156,153.6412515,154.4120697,0.197832759
"United Kingdom","Girls",1998,13,158.0828359,157.687207,158.4737398,0.199152639
"United Kingdom","Girls",1998,14,160.6476983,160.2553718,161.0382365,0.198903794
"United Kingdom","Girls",1998,15,162.1710206,161.7824929,162.563835,0.198473816
"United Kingdom","Girls",1998,16,162.9445551,162.5525374,163.3513279,0.202076288
"United Kingdom","Girls",1998,17,163.2184401,162.8312465,163.6175328,0.198435704
"United Kingdom","Girls",1998,18,163.2561193,162.8886181,163.632885,0.188086312
"United Kingdom","Girls",1998,19,163.3253894,162.9584039,163.6970458,0.190209665
"United Kingdom","Girls",1999,5,111.3850419,110.9548361,111.8166292,0.218468377
"United Kingdom","Girls",1999,6,118.044958,117.67395,118.4367894,0.195368553
"United Kingdom","Girls",1999,7,124.1232243,123.7611655,124.5093244,0.189902438
"United Kingdom","Girls",1999,8,129.9243783,129.5565006,130.2953326,0.190101794
"United Kingdom","Girls",1999,9,135.7459888,135.3810461,136.1076783,0.186403187
"United Kingdom","Girls",1999,10,141.8658001,141.508847,142.2274257,0.185156993
"United Kingdom","Girls",1999,11,148.3022219,147.949735,148.663259,0.185312533
"United Kingdom","Girls",1999,12,154.0392575,153.6765256,154.4085509,0.188806462
"United Kingdom","Girls",1999,13,158.0951158,157.7240999,158.4684963,0.19006534
"United Kingdom","Girls",1999,14,160.6603704,160.2829651,161.0392801,0.190474465
"United Kingdom","Girls",1999,15,162.1834259,161.8104724,162.5644201,0.190781076
"United Kingdom","Girls",1999,16,162.960134,162.5865729,163.3478538,0.195402104
"United Kingdom","Girls",1999,17,163.2373413,162.8512072,163.6195646,0.192836716
"United Kingdom","Girls",1999,18,163.2853543,162.9231083,163.6510326,0.184315256
"United Kingdom","Girls",1999,19,163.3596103,162.9938058,163.7240484,0.187637769
"United Kingdom","Girls",2000,5,111.4161066,110.9995984,111.8376689,0.213632295
"United Kingdom","Girls",2000,6,118.0845399,117.7217171,118.4733447,0.1895935
"United Kingdom","Girls",2000,7,124.171203,123.8166124,124.5417478,0.184525996
"United Kingdom","Girls",2000,8,129.9714352,129.6162438,130.3374285,0.183502451
"United Kingdom","Girls",2000,9,135.7863937,135.4343674,136.1393292,0.179582669
"United Kingdom","Girls",2000,10,141.9001253,141.5540415,142.2484519,0.177454062
"United Kingdom","Girls",2000,11,148.3288628,147.9853443,148.6777678,0.177102899
"United Kingdom","Girls",2000,12,154.0584926,153.7080756,154.4155778,0.180784849
"United Kingdom","Girls",2000,13,158.1086578,157.7592871,158.4699049,0.18200193
"United Kingdom","Girls",2000,14,160.6726503,160.3140907,161.0313524,0.182522131
"United Kingdom","Girls",2000,15,162.1960981,161.8396206,162.5590595,0.183595806
"United Kingdom","Girls",2000,16,162.9725393,162.6074907,163.3437144,0.189184695
"United Kingdom","Girls",2000,17,163.2529202,162.887177,163.6191616,0.18774051
"United Kingdom","Girls",2000,18,163.3042555,162.9474888,163.6628448,0.179996543
"United Kingdom","Girls",2000,19,163.3888453,163.0257893,163.7584496,0.18565229
"United Kingdom","Girls",2001,5,111.4403748,111.0310788,111.8580391,0.209240614
"United Kingdom","Girls",2001,6,118.1156046,117.7608422,118.4857315,0.184269928
"United Kingdom","Girls",2001,7,124.2107848,123.8661965,124.5737426,0.179216952
"United Kingdom","Girls",2001,8,130.0194139,129.6744158,130.3805245,0.178760427
"United Kingdom","Girls",2001,9,135.8334506,135.4985491,136.1780219,0.173312968
"United Kingdom","Girls",2001,10,141.9405302,141.6073887,142.2808891,0.171140799
"United Kingdom","Girls",2001,11,148.363188,148.0288476,148.6955792,0.170058602
"United Kingdom","Girls",2001,12,154.0851335,153.7452697,154.4287296,0.173750747
"United Kingdom","Girls",2001,13,158.1278928,157.7909978,158.4728874,0.1750189
"United Kingdom","Girls",2001,14,160.6861923,160.3448354,161.0331508,0.175536292
"United Kingdom","Girls",2001,15,162.208378,161.8578242,162.5619139,0.176991955
"United Kingdom","Girls",2001,16,162.9852115,162.6211065,163.3442502,0.183536459
"United Kingdom","Girls",2001,17,163.2653255,162.9033576,163.6211455,0.183212183
"United Kingdom","Girls",2001,18,163.3198344,162.9728652,163.6679798,0.176053264
"United Kingdom","Girls",2001,19,163.4077464,163.0450972,163.7708547,0.183003107
"United Kingdom","Girls",2002,5,111.4645197,111.052909,111.8641914,0.204805175
"United Kingdom","Girls",2002,6,118.1398727,117.7920731,118.4980422,0.17909632
"United Kingdom","Girls",2002,7,124.2418495,123.9057193,124.5893603,0.174212732
"United Kingdom","Girls",2002,8,130.0589957,129.7294646,130.4062383,0.174138547
"United Kingdom","Girls",2002,9,135.8814293,135.5561024,136.222825,0.168945269
"United Kingdom","Girls",2002,10,141.9875871,141.6653418,142.3150198,0.165232445
"United Kingdom","Girls",2002,11,148.4035929,148.0870694,148.7260971,0.164312183
"United Kingdom","Girls",2002,12,154.1194587,153.7883532,154.4536641,0.167642297
"United Kingdom","Girls",2002,13,158.1545338,157.8224737,158.4917905,0.16910113
"United Kingdom","Girls",2002,14,160.7054274,160.3752248,161.0388656,0.169603593
"United Kingdom","Girls",2002,15,162.2219199,161.8796696,162.5561019,0.171355394
"United Kingdom","Girls",2002,16,162.9974914,162.6493476,163.3464691,0.178637772
"United Kingdom","Girls",2002,17,163.2779976,162.9182673,163.6203201,0.179356465
"United Kingdom","Girls",2002,18,163.3322397,162.9960804,163.6756779,0.172823405
"United Kingdom","Girls",2002,19,163.4233254,163.0647581,163.7815752,0.180304721
"United Kingdom","Girls",2003,5,111.4975263,111.094351,111.8849997,0.201145381
"United Kingdom","Girls",2003,6,118.1640176,117.8267346,118.5140536,0.173721333
"United Kingdom","Girls",2003,7,124.2661177,123.9383938,124.6040935,0.168991658
"United Kingdom","Girls",2003,8,130.0900604,129.7703165,130.4278889,0.169682167
"United Kingdom","Girls",2003,9,135.9210111,135.6050802,136.2453522,0.164700324
"United Kingdom","Girls",2003,10,142.0355658,141.7255838,142.3631244,0.161294746
"United Kingdom","Girls",2003,11,148.4506498,148.1434256,148.7672628,0.158880748
"United Kingdom","Girls",2003,12,154.1598636,153.8411348,154.4853312,0.162652855
"United Kingdom","Girls",2003,13,158.1888589,157.8678283,158.5202495,0.163895462
"United Kingdom","Girls",2003,14,160.7320683,160.4112769,161.0568248,0.164739521
"United Kingdom","Girls",2003,15,162.241155,161.9159709,162.5653628,0.166568832
"United Kingdom","Girls",2003,16,163.0110333,162.6643583,163.3562502,0.174707514
"United Kingdom","Girls",2003,17,163.2902776,162.94233,163.6247719,0.176494939
"United Kingdom","Girls",2003,18,163.3449119,163.0119341,163.6749717,0.170405126
"United Kingdom","Girls",2003,19,163.4357307,163.0791296,163.7890944,0.178457439
"United Kingdom","Girls",2004,5,111.5406999,111.1485472,111.9274122,0.197074749
"United Kingdom","Girls",2004,6,118.1970242,117.8651412,118.5376132,0.169334281
"United Kingdom","Girls",2004,7,124.2902626,123.969468,124.6134344,0.163589448
"United Kingdom","Girls",2004,8,130.1143286,129.7956627,130.4400434,0.164753887
"United Kingdom","Girls",2004,9,135.9520758,135.6461761,136.2647066,0.16053322
"United Kingdom","Girls",2004,10,142.0751476,141.7716378,142.3916443,0.157461378
"United Kingdom","Girls",2004,11,148.4986285,148.1965792,148.8094492,0.155622945
"United Kingdom","Girls",2004,12,154.2069205,153.9022097,154.5213496,0.157959096
"United Kingdom","Girls",2004,13,158.2292638,157.9178434,158.5520034,0.159651048
"United Kingdom","Girls",2004,14,160.7663935,160.4546522,161.0820713,0.160436481
"United Kingdom","Girls",2004,15,162.2677959,161.9494962,162.5914521,0.162726921
"United Kingdom","Girls",2004,16,163.0302684,162.6917578,163.366804,0.171318819
"United Kingdom","Girls",2004,17,163.3038195,162.9535939,163.6378074,0.174548284
"United Kingdom","Girls",2004,18,163.3571918,163.023403,163.6837367,0.169173035
"United Kingdom","Girls",2004,19,163.4484028,163.1009519,163.8060977,0.177583774
"United Kingdom","Girls",2005,5,111.5947386,111.214749,111.9641952,0.192522416
"United Kingdom","Girls",2005,6,118.2401978,117.908877,118.5706904,0.16505332
"United Kingdom","Girls",2005,7,124.3232691,124.0106997,124.6399154,0.159371285
"United Kingdom","Girls",2005,8,130.1384735,129.8273608,130.4507196,0.159787468
"United Kingdom","Girls",2005,9,135.976344,135.676814,136.2769901,0.155838403
"United Kingdom","Girls",2005,10,142.1062123,141.810754,142.4061611,0.153669889
"United Kingdom","Girls",2005,11,148.5382104,148.2394317,148.8419472,0.152470776
"United Kingdom","Girls",2005,12,154.2548992,153.9546601,154.5610553,0.155570568
"United Kingdom","Girls",2005,13,158.2763208,157.9729117,158.5928118,0.155746467
"United Kingdom","Girls",2005,14,160.8067983,160.4999496,161.1212097,0.156999655
"United Kingdom","Girls",2005,15,162.3021211,161.9916731,162.6152804,0.159383054
"United Kingdom","Girls",2005,16,163.0569093,162.7314793,163.3883435,0.16869431
"United Kingdom","Girls",2005,17,163.3230546,162.9781582,163.6611131,0.17289368
"United Kingdom","Girls",2005,18,163.3707337,163.0429455,163.6979341,0.16874506
"United Kingdom","Girls",2005,19,163.4606828,163.1151803,163.8195974,0.178021062
"United Kingdom","Girls",2006,5,111.6531661,111.2867008,112.0208708,0.188579176
"United Kingdom","Girls",2006,6,118.2942365,117.984307,118.615496,0.160838259
"United Kingdom","Girls",2006,7,124.3664427,124.0651407,124.6734568,0.155590313
"United Kingdom","Girls",2006,8,130.1714801,129.8659316,130.472937,0.156178633
"United Kingdom","Girls",2006,9,136.0004889,135.7079021,136.2943103,0.151298326
"United Kingdom","Girls",2006,10,142.1304805,141.844762,142.4222203,0.149496606
"United Kingdom","Girls",2006,11,148.569275,148.2832306,148.8591907,0.149362031
"United Kingdom","Girls",2006,12,154.294481,153.9907938,154.5962405,0.153308333
"United Kingdom","Girls",2006,13,158.3242995,158.0241532,158.6378113,0.154124852
"United Kingdom","Girls",2006,14,160.8538553,160.5546865,161.1659845,0.153986526
"United Kingdom","Girls",2006,15,162.342526,162.0392302,162.6527998,0.156898706
"United Kingdom","Girls",2006,16,163.0912345,162.767451,163.4180507,0.166569861
"United Kingdom","Girls",2006,17,163.3496955,163.0084856,163.6817409,0.171982861
"United Kingdom","Girls",2006,18,163.3899688,163.0597435,163.7127693,0.168564781
"United Kingdom","Girls",2006,19,163.4742247,163.1293955,163.8330461,0.178932927
"United Kingdom","Girls",2007,5,111.7213554,111.3533719,112.0911107,0.186297092
"United Kingdom","Girls",2007,6,118.3526641,118.0469984,118.6712517,0.157855135
"United Kingdom","Girls",2007,7,124.4204814,124.1284852,124.7240054,0.152446522
"United Kingdom","Girls",2007,8,130.2146537,129.9161638,130.5175167,0.153293313
"United Kingdom","Girls",2007,9,136.0334955,135.7502167,136.3210444,0.148301214
"United Kingdom","Girls",2007,10,142.1546254,141.8687501,142.4503202,0.145737861
"United Kingdom","Girls",2007,11,148.5935432,148.3113378,148.8809713,0.146146545
"United Kingdom","Girls",2007,12,154.3255457,154.0330098,154.6225566,0.151133985
"United Kingdom","Girls",2007,13,158.3638813,158.0645918,158.6718758,0.152668733
"United Kingdom","Girls",2007,14,160.901834,160.604923,161.2089245,0.153168305
"United Kingdom","Girls",2007,15,162.3895829,162.0908345,162.6898798,0.154929355
"United Kingdom","Girls",2007,16,163.1316394,162.8088208,163.4579493,0.16534934
"United Kingdom","Girls",2007,17,163.3840207,163.0451297,163.7226049,0.171636774
"United Kingdom","Girls",2007,18,163.4166097,163.0919298,163.7429602,0.16925883
"United Kingdom","Girls",2007,19,163.4934598,163.1487116,163.8603176,0.18021524
"United Kingdom","Girls",2008,5,111.7785894,111.4144686,112.1423116,0.18404347
"United Kingdom","Girls",2008,6,118.4208534,118.117587,118.7383389,0.156653023
"United Kingdom","Girls",2008,7,124.478909,124.1868046,124.7812602,0.150612074
"United Kingdom","Girls",2008,8,130.2686923,129.9715314,130.5653148,0.151446338
"United Kingdom","Girls",2008,9,136.0766691,135.7959721,136.3644469,0.146478106
"United Kingdom","Girls",2008,10,142.187632,141.9107542,142.4723232,0.143665682
"United Kingdom","Girls",2008,11,148.6176881,148.3434573,148.9007391,0.143660656
"United Kingdom","Girls",2008,12,154.3498139,154.0630867,154.6463633,0.149207432
"United Kingdom","Girls",2008,13,158.394946,158.1010426,158.6959069,0.151397601
"United Kingdom","Girls",2008,14,160.9414158,160.6463302,161.2495905,0.152595538
"United Kingdom","Girls",2008,15,162.4375616,162.1351329,162.7341382,0.155108278
"United Kingdom","Girls",2008,16,163.1786963,162.8585312,163.4995179,0.164706
"United Kingdom","Girls",2008,17,163.4244256,163.0833162,163.7612779,0.172302242
"United Kingdom","Girls",2008,18,163.4509349,163.1272516,163.7828559,0.170606435
"United Kingdom","Girls",2008,19,163.5201007,163.1763272,163.885532,0.182691012
"United Kingdom","Girls",2009,5,111.8284976,111.4710972,112.1874045,0.183514429
"United Kingdom","Girls",2009,6,118.4780874,118.176725,118.7899763,0.156037183
"United Kingdom","Girls",2009,7,124.5470983,124.2515779,124.8456604,0.150613504
"United Kingdom","Girls",2009,8,130.3271199,130.0316241,130.6236892,0.150864534
"United Kingdom","Girls",2009,9,136.1307078,135.84598,136.4173166,0.145924737
"United Kingdom","Girls",2009,10,142.2308056,141.9582045,142.5179938,0.143151095
"United Kingdom","Girls",2009,11,148.6506947,148.3779171,148.9362608,0.142943967
"United Kingdom","Girls",2009,12,154.3739588,154.089319,154.6619795,0.148309795
"United Kingdom","Girls",2009,13,158.4192142,158.1272845,158.7129851,0.150762512
"United Kingdom","Girls",2009,14,160.9724805,160.6780915,161.2732375,0.152361774
"United Kingdom","Girls",2009,15,162.4771435,162.176189,162.7799198,0.155654403
"United Kingdom","Girls",2009,16,163.226675,162.9057877,163.5465133,0.166089189
"United Kingdom","Girls",2009,17,163.4714825,163.1320452,163.8069205,0.173634981
"United Kingdom","Girls",2009,18,163.4913398,163.1567741,163.82287,0.173151167
"United Kingdom","Girls",2009,19,163.5544259,163.2047113,163.9243949,0.185800467
"United Kingdom","Girls",2010,5,111.868434,111.5109403,112.2275296,0.18381884
"United Kingdom","Girls",2010,6,118.5279955,118.2234718,118.8379995,0.15726176
"United Kingdom","Girls",2010,7,124.6043323,124.311076,124.8980762,0.151780538
"United Kingdom","Girls",2010,8,130.3953092,130.1000626,130.69458,0.152176314
"United Kingdom","Girls",2010,9,136.1891353,135.9020119,136.4788679,0.146917249
"United Kingdom","Girls",2010,10,142.2848442,142.0117102,142.5730737,0.143954522
"United Kingdom","Girls",2010,11,148.6938683,148.418058,148.9823054,0.143835788
"United Kingdom","Girls",2010,12,154.4069654,154.1258718,154.7021404,0.149145851
"United Kingdom","Girls",2010,13,158.4433591,158.1506849,158.7404748,0.15141816
"United Kingdom","Girls",2010,14,160.9967487,160.7024432,161.2968904,0.153121157
"United Kingdom","Girls",2010,15,162.5082082,162.2045871,162.8133985,0.156726464
"United Kingdom","Girls",2010,16,163.2662568,162.9432997,163.5904232,0.167928787
"United Kingdom","Girls",2010,17,163.5194612,163.1754455,163.8692334,0.176797458
"United Kingdom","Girls",2010,18,163.5383967,163.1991416,163.8842412,0.176340253
"United Kingdom","Girls",2010,19,163.5948308,163.2332362,163.9741713,0.190177656
"United Kingdom","Girls",2011,5,111.8942236,111.528179,112.2596725,0.185331161
"United Kingdom","Girls",2011,6,118.5679319,118.2578911,118.8803629,0.160324221
"United Kingdom","Girls",2011,7,124.6542405,124.3523577,124.9586188,0.155035123
"United Kingdom","Girls",2011,8,130.4525432,130.1462211,130.7576488,0.155070135
"United Kingdom","Girls",2011,9,136.2573247,135.9612406,136.5527362,0.149918951
"United Kingdom","Girls",2011,10,142.3432718,142.0626652,142.6373463,0.146635405
"United Kingdom","Girls",2011,11,148.747907,148.4722114,149.0447676,0.145973711
"United Kingdom","Girls",2011,12,154.450139,154.1553259,154.749771,0.151425839
"United Kingdom","Girls",2011,13,158.4763656,158.1773484,158.7781999,0.153760957
"United Kingdom","Girls",2011,14,161.0208936,160.7248875,161.3233285,0.155240335
"United Kingdom","Girls",2011,15,162.5324763,162.2244421,162.8452178,0.159010746
"United Kingdom","Girls",2011,16,163.2973215,162.9661917,163.6321616,0.170437081
"United Kingdom","Girls",2011,17,163.559043,163.2069938,163.9164749,0.180499367
"United Kingdom","Girls",2011,18,163.5863754,163.2358341,163.9463176,0.181170053
"United Kingdom","Girls",2011,19,163.6418877,163.2648037,164.0324628,0.195114179
"United Kingdom","Girls",2012,5,111.9044738,111.5294604,112.2771093,0.189157479
"United Kingdom","Girls",2012,6,118.5937215,118.269022,118.9240524,0.165776164
"United Kingdom","Girls",2012,7,124.6941768,124.3839725,125.012558,0.160583868
"United Kingdom","Girls",2012,8,130.5024514,130.1868959,130.8179637,0.160204488
"United Kingdom","Girls",2012,9,136.3145587,136.0105816,136.6189504,0.154749528
"United Kingdom","Girls",2012,10,142.4114611,142.1220263,142.7162144,0.15133367
"United Kingdom","Girls",2012,11,148.8063345,148.5226415,149.1081589,0.15008206
"United Kingdom","Girls",2012,12,154.5041777,154.2123594,154.812538,0.154839333
"United Kingdom","Girls",2012,13,158.5195392,158.2213557,158.8333273,0.157462146
"United Kingdom","Girls",2012,14,161.0539001,160.7505341,161.3656158,0.158985206
"United Kingdom","Girls",2012,15,162.5566212,162.2393986,162.8775313,0.162413651
"United Kingdom","Girls",2012,16,163.3215897,162.9820135,163.6666632,0.17411009
"United Kingdom","Girls",2012,17,163.5901077,163.2318761,163.953512,0.184957342
"United Kingdom","Girls",2012,18,163.6259573,163.2640093,163.9946705,0.186398042
"United Kingdom","Girls",2012,19,163.6898664,163.304719,164.0967576,0.201309941
"United Kingdom","Girls",2013,5,111.9006163,111.5058237,112.2856656,0.196035464
"United Kingdom","Girls",2013,6,118.6039718,118.2554057,118.9522362,0.175006693
"United Kingdom","Girls",2013,7,124.7199664,124.3900463,125.0578154,0.168939811
"United Kingdom","Girls",2013,8,130.5423877,130.2194216,130.8746277,0.167726469
"United Kingdom","Girls",2013,9,136.3644668,136.0499125,136.6839964,0.161748947
"United Kingdom","Girls",2013,10,142.4686951,142.1626917,142.7862274,0.157897568
"United Kingdom","Girls",2013,11,148.8745239,148.5792018,149.1851604,0.156101443
"United Kingdom","Girls",2013,12,154.5626052,154.2609883,154.8824798,0.160115705
"United Kingdom","Girls",2013,13,158.5735779,158.2673447,158.900973,0.162280441
"United Kingdom","Girls",2013,14,161.0970737,160.7849872,161.4194773,0.164018254
"United Kingdom","Girls",2013,15,162.5896278,162.2693545,162.9186147,0.167362513
"United Kingdom","Girls",2013,16,163.3457346,162.9976194,163.6993352,0.178503057
"United Kingdom","Girls",2013,17,163.6143759,163.2430089,163.9878431,0.190188084
"United Kingdom","Girls",2013,18,163.657022,163.2867426,164.0411955,0.192389746
"United Kingdom","Girls",2013,19,163.7294482,163.3374982,164.1465049,0.20758245
"United Kingdom","Girls",2014,5,111.8862192,111.4712212,112.2921945,0.209712014
"United Kingdom","Girls",2014,6,118.6001142,118.2298005,118.9691612,0.187752896
"United Kingdom","Girls",2014,7,124.7302167,124.3752569,125.0923991,0.181554686
"United Kingdom","Girls",2014,8,130.5681774,130.2177448,130.9211626,0.178013535
"United Kingdom","Girls",2014,9,136.4044032,136.0665476,136.7418944,0.17113832
"United Kingdom","Girls",2014,10,142.5186033,142.1992183,142.8510291,0.166437989
"United Kingdom","Girls",2014,11,148.9317579,148.619164,149.2604614,0.163905218
"United Kingdom","Girls",2014,12,154.6307946,154.3112838,154.9577411,0.167133764
"United Kingdom","Girls",2014,13,158.6320055,158.3125399,158.9731596,0.16885253
"United Kingdom","Girls",2014,14,161.1511124,160.8283419,161.4903427,0.1702111
"United Kingdom","Girls",2014,15,162.6328014,162.2951848,162.973688,0.17346525
"United Kingdom","Girls",2014,16,163.3787412,163.0282757,163.7421751,0.184310362
"United Kingdom","Girls",2014,17,163.6385208,163.2593713,164.0270249,0.195847165
"United Kingdom","Girls",2014,18,163.6812901,163.290076,164.0808847,0.198695728
"United Kingdom","Girls",2014,19,163.7605129,163.353464,164.1944539,0.214518861
"United Kingdom","Girls",2015,5,111.863752,111.4067989,112.3140762,0.231997235
"United Kingdom","Girls",2015,6,118.5857171,118.1861275,118.996994,0.206839347
"United Kingdom","Girls",2015,7,124.7263592,124.3447378,125.114693,0.197547689
"United Kingdom","Girls",2015,8,130.5784276,130.1985436,130.9611448,0.192511097
"United Kingdom","Girls",2015,9,136.4301928,136.0709082,136.7945254,0.183110879
"United Kingdom","Girls",2015,10,142.5585397,142.2188308,142.9136792,0.177168028
"United Kingdom","Girls",2015,11,148.981666,148.647477,149.3257619,0.173612207
"United Kingdom","Girls",2015,12,154.6880285,154.3535121,155.0333927,0.175751395
"United Kingdom","Girls",2015,13,158.7001948,158.3573093,159.0486297,0.177045372
"United Kingdom","Girls",2015,14,161.20954,160.8713034,161.5652067,0.177945705
"United Kingdom","Girls",2015,15,162.6868401,162.3446491,163.047949,0.18078088
"United Kingdom","Girls",2015,16,163.4219148,163.0561495,163.8016017,0.191080233
"United Kingdom","Girls",2015,17,163.6715274,163.2866557,164.0754016,0.202704792
"United Kingdom","Girls",2015,18,163.705435,163.3033959,164.1171345,0.205408911
"United Kingdom","Girls",2015,19,163.7847811,163.367631,164.2337822,0.221139926
"United Kingdom","Girls",2016,5,111.8336914,111.3065762,112.3516372,0.264795935
"United Kingdom","Girls",2016,6,118.56325,118.1049008,119.0205903,0.234014082
"United Kingdom","Girls",2016,7,124.7119621,124.2850804,125.140422,0.219350651
"United Kingdom","Girls",2016,8,130.5745701,130.1685136,130.9851274,0.210140924
"United Kingdom","Girls",2016,9,136.4404431,136.0474663,136.8352062,0.199048529
"United Kingdom","Girls",2016,10,142.5843293,142.2138334,142.9712217,0.19020766
"United Kingdom","Girls",2016,11,149.0216024,148.667135,149.3928659,0.185103229
"United Kingdom","Girls",2016,12,154.7379367,154.3795283,155.1050535,0.186154237
"United Kingdom","Girls",2016,13,158.7574288,158.3945524,159.1261168,0.18661361
"United Kingdom","Girls",2016,14,161.2777293,160.914957,161.6523511,0.18714123
"United Kingdom","Girls",2016,15,162.7452677,162.3856336,163.121034,0.189258994
"United Kingdom","Girls",2016,16,163.4759535,163.0975689,163.8744206,0.199044017
"United Kingdom","Girls",2016,17,163.714701,163.3136709,164.1335558,0.210287485
"United Kingdom","Girls",2016,18,163.7384416,163.3288557,164.1624088,0.213226525
"United Kingdom","Girls",2016,19,163.808926,163.3806276,164.2722732,0.228287138
"United Kingdom","Girls",2017,5,111.8004567,111.1836638,112.4230498,0.310097175
"United Kingdom","Girls",2017,6,118.5331893,118.0072327,119.0687303,0.270920718
"United Kingdom","Girls",2017,7,124.6894949,124.2102345,125.1756632,0.248519457
"United Kingdom","Girls",2017,8,130.560173,130.1098632,131.0172384,0.233176977
"United Kingdom","Girls",2017,9,136.4365855,136.0127526,136.8718108,0.217875814
"United Kingdom","Girls",2017,10,142.5945795,142.1944313,143.002285,0.206843026
"United Kingdom","Girls",2017,11,149.047392,148.6646671,149.451488,0.198614538
"United Kingdom","Girls",2017,12,154.7778731,154.3987306,155.1750413,0.197873068
"United Kingdom","Girls",2017,13,158.8073369,158.4244402,159.2025284,0.197682606
"United Kingdom","Girls",2017,14,161.3349633,160.9540724,161.7292556,0.197507445
"United Kingdom","Girls",2017,15,162.813457,162.4303402,163.2097613,0.198947058
"United Kingdom","Girls",2017,16,163.534381,163.1412407,163.9515372,0.207725335
"United Kingdom","Girls",2017,17,163.7687397,163.350068,164.2106602,0.218917046
"United Kingdom","Girls",2017,18,163.7816152,163.3662057,164.2309462,0.221660603
"United Kingdom","Girls",2017,19,163.8419326,163.4055545,164.3191915,0.236588378
"United Kingdom","Girls",2018,5,111.7671945,111.0435635,112.4928977,0.367424025
"United Kingdom","Girls",2018,6,118.4999546,117.8692109,119.1326282,0.319034839
"United Kingdom","Girls",2018,7,124.6594342,124.1089741,125.2206419,0.286590877
"United Kingdom","Girls",2018,8,130.5377058,130.0361216,131.0553098,0.263076805
"United Kingdom","Girls",2018,9,136.4221884,135.9519006,136.8959915,0.241631445
"United Kingdom","Girls",2018,10,142.590722,142.1536025,143.033669,0.226198269
"United Kingdom","Girls",2018,11,149.0576423,148.6441679,149.4885323,0.215363297
"United Kingdom","Girls",2018,12,154.8036627,154.3979994,155.2258102,0.211228359
"United Kingdom","Girls",2018,13,158.8472733,158.4469119,159.2682605,0.209684111
"United Kingdom","Girls",2018,14,161.3848715,160.9743187,161.8006827,0.209005637
"United Kingdom","Girls",2018,15,162.870691,162.463205,163.2854046,0.209670998
"United Kingdom","Girls",2018,16,163.6025704,163.1844387,164.0366295,0.217320838
"United Kingdom","Girls",2018,17,163.8271672,163.3937567,164.2902528,0.227797476
"United Kingdom","Girls",2018,18,163.8356539,163.3945591,164.300998,0.230908812
"United Kingdom","Girls",2018,19,163.8851062,163.4279953,164.3770231,0.245430377
"United Kingdom","Girls",2019,5,111.7333689,110.8780616,112.6060718,0.434884049
"United Kingdom","Girls",2019,6,118.4666925,117.7264344,119.2227474,0.37829647
"United Kingdom","Girls",2019,7,124.6261995,123.9770001,125.2941879,0.334910845
"United Kingdom","Girls",2019,8,130.5076451,129.9175468,131.0995676,0.301259906
"United Kingdom","Girls",2019,9,136.3997212,135.8755132,136.9348677,0.271957297
"United Kingdom","Girls",2019,10,142.5763249,142.0916544,143.0699818,0.249990527
"United Kingdom","Girls",2019,11,149.0537847,148.6053551,149.5238294,0.234781397
"United Kingdom","Girls",2019,12,154.8139129,154.3747728,155.2648495,0.227484728
"United Kingdom","Girls",2019,13,158.8730629,158.4522167,159.3180481,0.222806391
"United Kingdom","Girls",2019,14,161.4248078,160.9875301,161.8679381,0.221203331
"United Kingdom","Girls",2019,15,162.9205991,162.4876281,163.3558304,0.221187694
"United Kingdom","Girls",2019,16,163.6598044,163.2188788,164.101102,0.227833846
"United Kingdom","Girls",2019,17,163.8953565,163.4453125,164.3776285,0.237299953
"United Kingdom","Girls",2019,18,163.8940815,163.4412442,164.3823205,0.240174368
"United Kingdom","Girls",2019,19,163.9391448,163.4605892,164.4446372,0.254701549
