Entity,Code,Year,Annual CO₂ emissions,Annual CO₂ emissions including land-use change,Annual CO₂ emissions from land-use change
Africa,,1850,0.0,185654880.0,406300960.0
Africa,,1851,0.0,249518400.0,468332480.0
Africa,,1852,0.0,287990400.0,506694560.0
Africa,,1853,0.0,319464160.0,539011100.0
Africa,,1854,0.0,333167520.0,552494600.0
Africa,,1855,0.0,346357920.0,572646500.0
Africa,,1856,0.0,354638560.0,579205100.0
Africa,,1857,0.0,363395520.0,590416960.0
Africa,,1858,0.0,370613600.0,599173900.0
Africa,,1859,0.0,378747680.0,607820900.0
Africa,,1860,0.0,210936480.0,415864000.0
Africa,,1861,0.0,146633280.0,341997760.0
Africa,,1862,0.0,110506240.0,297846560.0
Africa,,1863,0.0,88302400.0,272564960.0
Africa,,1864,0.0,72657120.0,252266400.0
Africa,,1865,0.0,62068160.0,244828480.0
Africa,,1866,0.0,54666880.0,236291360.0
Africa,,1867,0.0,47522080.0,228010720.0
Africa,,1868,0.0,42465760.0,221159040.0
Africa,,1869,0.0,38728480.0,217421760.0
Africa,,1870,0.0,36236960.0,222844480.0
Africa,,1871,0.0,33782080.0,225152800.0
Africa,,1872,0.0,31400480.0,228926720.0
Africa,,1873,0.0,29385280.0,228633600.0
Africa,,1874,0.0,28176160.0,225848960.0
Africa,,1875,0.0,26270880.0,227864160.0
Africa,,1876,0.0,25318240.0,229696160.0
Africa,,1877,0.0,24622080.0,228670240.0
Africa,,1878,0.0,23229760.0,225739040.0
Africa,,1879,0.0,22606880.0,229842720.0
Africa,,1880,0.0,24145760.0,230538880.0
Africa,,1881,0.0,24475520.0,234459360.0
Africa,,1882,0.0,24988480.0,236254720.0
Africa,,1883,0.0,24292320.0,234019680.0
Africa,,1884,21984.0,40838944.0,237244000.0
Africa,,1885,36640.0,41220000.0,234642560.0
Africa,,1886,47632.0,39435630.0,236804320.0
Africa,,1887,47632.0,38995950.0,234899040.0
Africa,,1888,80608.0,39212130.0,236657760.0
Africa,,1889,131904.0,38457344.0,236840960.0
Africa,,1890,296784.0,46353264.0,255197600.0
Africa,,1891,296784.0,49687504.0,262818720.0
Africa,,1892,479984.0,52142384.0,269963520.0
Africa,,1893,1799024.0,55000304.0,277108320.0
Africa,,1894,2432896.0,56073856.0,276778560.0
Africa,,1895,3337904.0,58004784.0,280589120.0
Africa,,1896,4257568.0,59437410.0,276448800.0
Africa,,1897,4777856.0,61020256.0,280772320.0
Africa,,1898,6049264.0,62364944.0,279489920.0
Africa,,1899,5517984.0,63006144.0,281981440.0
Africa,,1900,2330304.0,64618304.0,302133440.0
Africa,,1901,3909488.0,69348530.0,314664320.0
Africa,,1902,5825760.0,73243360.0,324483840.0
Africa,,1903,7895920.0,77658480.0,331005760.0
Africa,,1904,8910848.0,81274850.0,335292640.0
Africa,,1905,10262864.0,82736780.0,337051360.0
Africa,,1906,11717472.0,84228030.0,337234560.0
Africa,,1907,12930256.0,85990420.0,340202400.0
Africa,,1908,13402912.0,87012670.0,340935200.0
Africa,,1909,15385136.0,89251380.0,342767200.0
Africa,,1910,17411328.0,96040770.0,375266880.0
Africa,,1911,16865392.0,97619950.0,395748640.0
Africa,,1912,17953600.0,102775200.0,408939040.0
Africa,,1913,19606064.0,103914700.0,416303680.0
Africa,,1914,19551104.0,103896380.0,424767520.0
Africa,,1915,19606064.0,132127500.0,425866720.0
Africa,,1916,23255408.0,141199570.0,427259040.0
Africa,,1917,25343888.0,145816210.0,432022240.0
Africa,,1918,24724672.0,144427550.0,439826560.0
Africa,,1919,25442816.0,145072420.0,442464640.0
Africa,,1920,28051584.0,201432060.0,495665920.0
Africa,,1921,27985632.0,216132030.0,529704480.0
Africa,,1922,23969888.0,220360290.0,557514240.0
Africa,,1923,29044528.0,230967570.0,574185500.0
Africa,,1924,30631040.0,239515680.0,591113100.0
Africa,,1925,32184576.0,246162180.0,604853100.0
Africa,,1926,34437936.0,249844500.0,609616300.0
Africa,,1927,33840704.0,300030300.0,621048000.0
Africa,,1928,34770320.0,308141380.0,626947100.0
Africa,,1929,35801616.0,319212030.0,637206300.0
Africa,,1930,33695670.0,364994560.0,764969900.0
Africa,,1931,29463712.0,396523230.0,855287550.0
Africa,,1932,26622752.0,416289150.0,905008000.0
Africa,,1933,28491132.0,510014000.0,938973300.0
Africa,,1934,32539280.0,523735140.0,962093100.0
Africa,,1935,35909544.0,535898980.0,980413100.0
Africa,,1936,39015950.0,470451940.0,998256800.0
Africa,,1937,41844264.0,473573380.0,1007270300.0
Africa,,1938,44013164.0,479955870.0,1007783200.0
Africa,,1939,46852930.0,489207650.0,1022842240.0
Africa,,1940,49649184.0,643913340.0,1494875400.0
Africa,,1941,54023456.0,788948600.0,1792868500.0
Africa,,1942,58822884.0,846985900.0,1957235500.0
Africa,,1943,60119628.0,885289100.0,2073384300.0
Africa,,1944,66632910.0,855162400.0,2127098600.0
Africa,,1945,67527180.0,1072672300.0,2197374000.0
Africa,,1946,68159370.0,884864960.0,2223168500.0
Africa,,1947,67934744.0,1087699200.0,2254679000.0
Africa,,1948,71733140.0,1152942800.0,2277102600.0
Africa,,1949,77323530.0,1172822900.0,2306817800.0
Africa,,1950,93452170.0,2465305900.0,2617928000.0
Africa,,1951,99862080.0,2282214000.0,2406368800.0
Africa,,1952,108882370.0,2226051600.0,2332649000.0
Africa,,1953,110796130.0,2220234200.0,2323892000.0
Africa,,1954,116156920.0,2263920400.0,2360678700.0
Africa,,1955,128058296.0,2328180500.0,2416334800.0
Africa,,1956,133509440.0,2392255500.0,2480784400.0
Africa,,1957,139953090.0,2479014100.0,2569966300.0
Africa,,1958,148304510.0,2633559000.0,2657645800.0
Africa,,1959,147910850.0,2863777500.0,2728947200.0
Africa,,1960,156640450.0,2742435000.0,2600450800.0
Africa,,1961,162078600.0,2102533000.0,1952692200.0
Africa,,1962,166426480.0,2073428600.0,1919789400.0
Africa,,1963,176448430.0,1896945700.0,1731679700.0
Africa,,1964,193763900.0,1863404700.0,1678808200.0
Africa,,1965,213784600.0,1512005800.0,1306802200.0
Africa,,1966,221261600.0,1489657900.0,1277160400.0
Africa,,1967,237257680.0,1412258600.0,1183875100.0
Africa,,1968,257600220.0,1776720300.0,1528071200.0
Africa,,1969,278139500.0,1558297100.0,1288445600.0
Africa,,1970,302942700.0,1512399700.0,1218133500.0
Africa,,1971,332203940.0,1282795800.0,959161900.0
Africa,,1972,352238850.0,1488767600.0,1141445900.0
Africa,,1973,378421020.0,1274880900.0,900867700.0
Africa,,1974,388864800.0,1275461200.0,891341300.0
Africa,,1975,387828830.0,1268522500.0,884892700.0
Africa,,1976,420856770.0,1104332000.0,686487040.0
Africa,,1977,433844580.0,1196018800.0,765153150.0
Africa,,1978,463266720.0,1074638100.0,614745900.0
Africa,,1979,499991800.0,1150157600.0,652998100.0
Africa,,1980,536490200.0,1136924500.0,603094400.0
Africa,,1981,549365200.0,1206910300.0,659666560.0
Africa,,1982,572576960.0,1172469000.0,602141760.0
Africa,,1983,595413200.0,1489802900.0,896654100.0
Africa,,1984,650254140.0,1768367700.0,1120341200.0
Africa,,1985,666655200.0,1928969200.0,1264153300.0
Africa,,1986,690670600.0,1646110000.0,958319200.0
Africa,,1987,690763200.0,1612237200.0,924317300.0
Africa,,1988,726006600.0,1612269600.0,888300160.0
Africa,,1989,699179460.0,1566572800.0,869870200.0
Africa,,1990,659297200.0,1629403500.0,970263800.0
Africa,,1991,688953700.0,1649328400.0,959418400.0
Africa,,1992,668606100.0,1860545500.0,1189847300.0
Africa,,1993,708741060.0,1973726100.0,1265179100.0
Africa,,1994,719465300.0,2115383400.0,1396130600.0
Africa,,1995,771882300.0,2177916700.0,1406243200.0
Africa,,1996,783331900.0,2084465900.0,1301379600.0
Africa,,1997,812606300.0,2142792200.0,1330471700.0
Africa,,1998,837844000.0,2260018200.0,1422474800.0
Africa,,1999,830411140.0,2100404900.0,1270308900.0
Africa,,2000,886403400.0,2086257200.0,1200179800.0
Africa,,2001,883999940.0,2155968500.0,1272324000.0
Africa,,2002,892558700.0,2487322000.0,1595122400.0
Africa,,2003,967169860.0,2605065700.0,1638247700.0
Africa,,2004,1036636900.0,2553335000.0,1517079200.0
Africa,,2005,1057360960.0,2454528500.0,1397559600.0
Africa,,2006,1090145000.0,2459975400.0,1370226000.0
Africa,,2007,1132287500.0,2636092000.0,1504218600.0
Africa,,2008,1181174800.0,2891068400.0,1710318600.0
Africa,,2009,1171780000.0,3177442600.0,2006113300.0
Africa,,2010,1214749200.0,3488942600.0,2274647800.0
Africa,,2011,1251306000.0,3728558300.0,2477670100.0
Africa,,2012,1259536900.0,3465928000.0,2206827300.0
Africa,,2013,1268892300.0,3206723300.0,1938256000.0
Africa,,2014,1350089200.0,2965407700.0,1615787400.0
Africa,,2015,1323759000.0,2790352100.0,1467102200.0
Africa,,2016,1363459100.0,2822482200.0,1459591000.0
Africa,,2017,1379490000.0,2854579700.0,1475676000.0
Africa,,2018,1366411000.0,2716532700.0,1350733600.0
Africa,,2019,1467491800.0,2643174100.0,1176290600.0
Africa,,2020,1385889400.0,2539938000.0,1154599700.0
Africa,,2021,1450796300.0,2610896100.0,1160682000.0
Asia,,1850,14707.0,41564468.0,906510200.0
Asia,,1851,0.0,2051840.0,921862400.0
Asia,,1852,0.0,2931200.0,911603200.0
Asia,,1853,0.0,2271680.0,918528100.0
Asia,,1854,0.0,1832000.0,892000800.0
Asia,,1855,44595.0,42437076.0,881008800.0
Asia,,1856,0.0,2088480.0,890132160.0
Asia,,1857,0.0,1795360.0,880276000.0
Asia,,1858,457111.0,173361280.0,881375200.0
Asia,,1859,702904.0,170529310.0,871592300.0
Asia,,1860,730883.0,168358880.0,838652900.0
Asia,,1861,608742.0,165818510.0,793256000.0
Asia,,1862,650870.0,163295840.0,755516800.0
Asia,,1863,715286.0,162444260.0,762881400.0
Asia,,1864,694944.0,161214780.0,733935900.0
Asia,,1865,830003.0,175822660.0,715652500.0
Asia,,1866,1205407.0,177223970.0,701802560.0
Asia,,1867,636588.0,58344588.0,672124160.0
Asia,,1868,527492.0,74100610.0,645743360.0
Asia,,1869,747871.0,74357630.0,624638700.0
Asia,,1870,677327.0,74946610.0,648784500.0
Asia,,1871,900492.0,75719380.0,648234900.0
Asia,,1872,973476.0,75719070.0,642225900.0
Asia,,1873,930782.0,76299260.0,658530700.0
Asia,,1874,1634514.0,77002990.0,649407360.0
Asia,,1875,2703044.0,78657770.0,638268800.0
Asia,,1876,2809587.0,79167340.0,645670100.0
Asia,,1877,2891457.0,79725540.0,631380500.0
Asia,,1878,5459763.0,199212080.0,641309950.0
Asia,,1879,5673090.0,198399490.0,637902400.0
Asia,,1880,6191159.0,205109710.0,686267200.0
Asia,,1881,6350417.0,208163540.0,757898400.0
Asia,,1882,6878992.0,213968270.0,774056640.0
Asia,,1883,7607270.0,215136220.0,801060350.0
Asia,,1884,8191627.0,217112910.0,821432200.0
Asia,,1885,8539178.0,218413100.0,821981760.0
Asia,,1886,9114688.0,219794690.0,849241900.0
Asia,,1887,10538269.0,222390740.0,852576100.0
Asia,,1888,11718553.0,224303820.0,834329500.0
Asia,,1889,13784222.0,409972540.0,868954240.0
Asia,,1890,15088553.0,518338940.0,938643500.0
Asia,,1891,17205796.0,589046300.0,1041748500.0
Asia,,1892,18277254.0,697253060.0,1080733400.0
Asia,,1893,20416932.0,706940600.0,1089014000.0
Asia,,1894,22751916.0,712133500.0,1102277800.0
Asia,,1895,26308780.0,752989900.0,1141299300.0
Asia,,1896,28034720.0,749842750.0,1152071600.0
Asia,,1897,30492576.0,747830460.0,1152328000.0
Asia,,1898,36494756.0,758339400.0,1151741700.0
Asia,,1899,38654524.0,859903500.0,1159362800.0
Asia,,1900,44009156.0,781242560.0,1208387200.0
Asia,,1901,50369910.0,789435300.0,1254480400.0
Asia,,1902,52411984.0,913488640.0,1294784300.0
Asia,,1903,55067500.0,903540000.0,1287053300.0
Asia,,1904,61913092.0,917457100.0,1283462500.0
Asia,,1905,63008160.0,922509250.0,1291743200.0
Asia,,1906,70287770.0,944151740.0,1302002400.0
Asia,,1907,97203590.0,1074758800.0,1324609300.0
Asia,,1908,105991960.0,1058778560.0,1306106100.0
Asia,,1909,109211940.0,1044557900.0,1281703800.0
Asia,,1910,110783464.0,1149271000.0,1404484500.0
Asia,,1911,117764820.0,1164313100.0,1476152300.0
Asia,,1912,119779900.0,1283942700.0,1517628800.0
Asia,,1913,137368900.0,1287828200.0,1510190800.0
Asia,,1914,142878190.0,1333055200.0,1561853300.0
Asia,,1915,136662220.0,1340286200.0,1569364500.0
Asia,,1916,149904480.0,1349974400.0,1551081100.0
Asia,,1917,161998450.0,1361152400.0,1575153700.0
Asia,,1918,166879310.0,1384023400.0,1580173300.0
Asia,,1919,183561840.0,1414372700.0,1589956100.0
Asia,,1920,175431400.0,1506013000.0,1665984100.0
Asia,,1921,171799940.0,1519345800.0,1640043000.0
Asia,,1922,181281860.0,1560521300.0,1656604300.0
Asia,,1923,199213800.0,1568120800.0,1644989400.0
Asia,,1924,213284600.0,1610257900.0,1661660700.0
Asia,,1925,215449440.0,1619494300.0,1666790300.0
Asia,,1926,218820880.0,1635250000.0,1678222000.0
Asia,,1927,236806190.0,1665546400.0,1686356000.0
Asia,,1928,248410370.0,1727603800.0,1698373900.0
Asia,,1929,258362800.0,1760676100.0,1720101400.0
Asia,,1930,257943730.0,1771029200.0,1748644000.0
Asia,,1931,248701760.0,1910802000.0,1765791500.0
Asia,,1932,248791680.0,1944747400.0,1801259000.0
Asia,,1933,273091500.0,1951093600.0,1785393900.0
Asia,,1934,309641950.0,1978447400.0,1776343800.0
Asia,,1935,337300220.0,2001415700.0,1773705700.0
Asia,,1936,364187040.0,2032039800.0,1781583400.0
Asia,,1937,385525100.0,2060119700.0,1786786300.0
Asia,,1938,394759870.0,2075180200.0,1793161600.0
Asia,,1939,418878500.0,2105857500.0,1799866800.0
Asia,,1940,471837760.0,2183805200.0,1851382500.0
Asia,,1941,478420480.0,2214460200.0,1888095900.0
Asia,,1942,447414270.0,1953354900.0,1925322100.0
Asia,,1943,440125630.0,2197490000.0,1958921000.0
Asia,,1944,440590820.0,2205466400.0,1969216800.0
Asia,,1945,328129380.0,1894745900.0,1980318700.0
Asia,,1946,315654270.0,1996367600.0,1990028400.0
Asia,,1947,380435550.0,2299638800.0,1996147200.0
Asia,,1948,384024350.0,2301542100.0,1993985400.0
Asia,,1949,458598750.0,2404512500.0,2017105300.0
Asia,,1950,475176540.0,2899682000.0,2451729000.0
Asia,,1951,455045440.0,3079898400.0,2653835300.0
Asia,,1952,504698240.0,3278676000.0,2803399700.0
Asia,,1953,540252740.0,3474200800.0,2966704000.0
Asia,,1954,592035260.0,3651856100.0,3098131700.0
Asia,,1955,674786200.0,3873802800.0,3212082200.0
Asia,,1956,749279940.0,4083201000.0,3346184700.0
Asia,,1957,843529860.0,4304551400.0,3473398800.0
Asia,,1958,1137921000.0,4728099000.0,3602701300.0
Asia,,1959,1373618400.0,5228439600.0,3871272400.0
Asia,,1960,1538406400.0,4368025600.0,2841432000.0
Asia,,1961,1393256100.0,4228975900.0,2846488300.0
Asia,,1962,1342288300.0,3999435500.0,2667501800.0
Asia,,1963,1422810600.0,3914517500.0,2502951700.0
Asia,,1964,1507063400.0,3902092000.0,2406075400.0
Asia,,1965,1649483500.0,3821407500.0,2183194400.0
Asia,,1966,1796642400.0,3954295000.0,2169308000.0
Asia,,1967,1824612400.0,3916957700.0,2103758800.0
Asia,,1968,2015468700.0,3902040300.0,1898062000.0
Asia,,1969,2288907300.0,4198415400.0,1926787700.0
Asia,,1970,2696106000.0,4404098000.0,1711161300.0
Asia,,1971,2950439400.0,5035783000.0,2089102800.0
Asia,,1972,3120407800.0,5500333600.0,2385374000.0
Asia,,1973,3351738400.0,5789540400.0,2442312400.0
Asia,,1974,3411387600.0,5535013000.0,2129919900.0
Asia,,1975,3576808000.0,5705775000.0,2134353300.0
Asia,,1976,3801748700.0,5926004000.0,2129956500.0
Asia,,1977,4046413800.0,6261107700.0,2221336600.0
Asia,,1978,4227558100.0,6389560000.0,2168208600.0
Asia,,1979,4401186300.0,6309185500.0,1913304200.0
Asia,,1980,4395949000.0,6351085000.0,1960459800.0
Asia,,1981,4369495600.0,6964974000.0,2600450800.0
Asia,,1982,4519137000.0,7194242000.0,2680142800.0
Asia,,1983,4701174000.0,7903649300.0,3207355600.0
Asia,,1984,4975358000.0,9011360000.0,4043040800.0
Asia,,1985,5266602500.0,8837544000.0,3577419800.0
Asia,,1986,5492772000.0,9314833000.0,3829319700.0
Asia,,1987,5732140500.0,9187231000.0,3461710300.0
Asia,,1988,6194507300.0,9527322000.0,3338343700.0
Asia,,1989,6410467300.0,9498615000.0,3096959500.0
Asia,,1990,6611224600.0,9403637000.0,2802044200.0
Asia,,1991,7414699000.0,9673079000.0,2265890800.0
Asia,,1992,7256959500.0,9660624000.0,2411315200.0
Asia,,1993,7589249500.0,9822252000.0,2241452000.0
Asia,,1994,7920648000.0,10419786000.0,2507422000.0
Asia,,1995,8241792000.0,10549731000.0,2314768600.0
Asia,,1996,8573007400.0,11014539000.0,2447405600.0
Asia,,1997,8687990000.0,12801064000.0,4117859800.0
Asia,,1998,8419528700.0,10873798000.0,2460339500.0
Asia,,1999,8880381000.0,11284555000.0,2410728700.0
Asia,,2000,9300388000.0,11555441000.0,2268162600.0
Asia,,2001,9465591000.0,11382977000.0,1927557100.0
Asia,,2002,10011790000.0,12538060000.0,2528380000.0
Asia,,2003,10993457000.0,13567982000.0,2576561400.0
Asia,,2004,11682397000.0,13981264000.0,2301248500.0
Asia,,2005,12525343000.0,14251332000.0,1728418700.0
Asia,,2006,13367103000.0,15749074000.0,2384348200.0
Asia,,2007,14076976000.0,15946074000.0,1871241500.0
Asia,,2008,14820116000.0,16978692000.0,2160551000.0
Asia,,2009,15368629000.0,17630830000.0,2264974800.0
Asia,,2010,16536730000.0,18090734000.0,1556174100.0
Asia,,2011,17752203000.0,19498656000.0,1748900500.0
Asia,,2012,18466894000.0,20186933000.0,1722446300.0
Asia,,2013,18720993000.0,20347560000.0,1628867800.0
Asia,,2014,19068563000.0,21535082000.0,2469352700.0
Asia,,2015,19206867000.0,22287583000.0,3084025300.0
Asia,,2016,19303905000.0,21488499000.0,2187811000.0
Asia,,2017,19839646000.0,21958210000.0,2122005600.0
Asia,,2018,20437713000.0,22572420000.0,2137687400.0
Asia,,2019,20894499000.0,23384062000.0,2492729000.0
Asia,,2020,20689746000.0,22774270000.0,2087857200.0
Asia,,2021,21688988000.0,23784026000.0,2098446100.0
Central America (GCP),,1850,0.0,,
Central America (GCP),,1851,0.0,,
Central America (GCP),,1852,0.0,,
Central America (GCP),,1853,0.0,,
Central America (GCP),,1854,0.0,,
Central America (GCP),,1855,0.0,,
Central America (GCP),,1856,0.0,,
Central America (GCP),,1857,0.0,,
Central America (GCP),,1858,0.0,,
Central America (GCP),,1859,0.0,,
Central America (GCP),,1860,0.0,,
Central America (GCP),,1861,0.0,,
Central America (GCP),,1862,0.0,,
Central America (GCP),,1863,0.0,,
Central America (GCP),,1864,0.0,,
Central America (GCP),,1865,0.0,,
Central America (GCP),,1866,0.0,,
Central America (GCP),,1867,0.0,,
Central America (GCP),,1868,0.0,,
Central America (GCP),,1869,0.0,,
Central America (GCP),,1870,0.0,,
Central America (GCP),,1871,0.0,,
Central America (GCP),,1872,0.0,,
Central America (GCP),,1873,0.0,,
Central America (GCP),,1874,0.0,,
Central America (GCP),,1875,0.0,,
Central America (GCP),,1876,0.0,,
Central America (GCP),,1877,0.0,,
Central America (GCP),,1878,0.0,,
Central America (GCP),,1879,0.0,,
Central America (GCP),,1880,0.0,,
Central America (GCP),,1881,0.0,,
Central America (GCP),,1882,0.0,,
Central America (GCP),,1883,0.0,,
Central America (GCP),,1884,0.0,,
Central America (GCP),,1885,0.0,,
Central America (GCP),,1886,0.0,,
Central America (GCP),,1887,0.0,,
Central America (GCP),,1888,0.0,,
Central America (GCP),,1889,0.0,,
Central America (GCP),,1890,0.0,,
Central America (GCP),,1891,0.0,,
Central America (GCP),,1892,0.0,,
Central America (GCP),,1893,0.0,,
Central America (GCP),,1894,0.0,,
Central America (GCP),,1895,0.0,,
Central America (GCP),,1896,0.0,,
Central America (GCP),,1897,0.0,,
Central America (GCP),,1898,0.0,,
Central America (GCP),,1899,0.0,,
Central America (GCP),,1900,0.0,,
Central America (GCP),,1901,0.0,,
Central America (GCP),,1902,0.0,,
Central America (GCP),,1903,0.0,,
Central America (GCP),,1904,0.0,,
Central America (GCP),,1905,0.0,,
Central America (GCP),,1906,0.0,,
Central America (GCP),,1907,0.0,,
Central America (GCP),,1908,0.0,,
Central America (GCP),,1909,25648.0,,
Central America (GCP),,1910,65952.0,,
Central America (GCP),,1911,124576.0,,
Central America (GCP),,1912,197856.0,,
Central America (GCP),,1913,223504.0,,
Central America (GCP),,1914,289456.0,,
Central America (GCP),,1915,333424.0,,
Central America (GCP),,1916,414032.0,,
Central America (GCP),,1917,527616.0,,
Central America (GCP),,1918,769440.0,,
Central America (GCP),,1919,648528.0,,
Central America (GCP),,1920,1077216.0,,
Central America (GCP),,1921,1000272.0,,
Central America (GCP),,1922,981952.0,,
Central America (GCP),,1923,1209120.0,,
Central America (GCP),,1924,1656128.0,,
Central America (GCP),,1925,1945584.0,,
Central America (GCP),,1926,2558603.8,,
Central America (GCP),,1927,2740211.0,,
Central America (GCP),,1928,4717998.0,,
Central America (GCP),,1929,5450992.0,,
Central America (GCP),,1930,6064344.5,,
Central America (GCP),,1931,5080670.5,,
Central America (GCP),,1932,5216779.5,,
Central America (GCP),,1933,6167531.5,,
Central America (GCP),,1934,7100292.0,,
Central America (GCP),,1935,7687264.5,,
Central America (GCP),,1936,8565007.0,,
Central America (GCP),,1937,10544403.0,,
Central America (GCP),,1938,11913969.0,,
Central America (GCP),,1939,12792714.0,,
Central America (GCP),,1940,13431312.0,,
Central America (GCP),,1941,13272641.0,,
Central America (GCP),,1942,12674648.0,,
Central America (GCP),,1943,13467362.0,,
Central America (GCP),,1944,14750211.0,,
Central America (GCP),,1945,15656103.0,,
Central America (GCP),,1946,16171661.0,,
Central America (GCP),,1947,17947424.0,,
Central America (GCP),,1948,18752040.0,,
Central America (GCP),,1949,14012928.0,,
Central America (GCP),,1950,18750332.0,,
Central America (GCP),,1951,24612166.0,,
Central America (GCP),,1952,20548108.0,,
Central America (GCP),,1953,21753448.0,,
Central America (GCP),,1954,29619784.0,,
Central America (GCP),,1955,28611084.0,,
Central America (GCP),,1956,32237436.0,,
Central America (GCP),,1957,35523570.0,,
Central America (GCP),,1958,39516900.0,,
Central America (GCP),,1959,40433240.0,,
Central America (GCP),,1960,36224044.0,,
Central America (GCP),,1961,38336304.0,,
Central America (GCP),,1962,44913150.0,,
Central America (GCP),,1963,39002790.0,,
Central America (GCP),,1964,45589656.0,,
Central America (GCP),,1965,45248340.0,,
Central America (GCP),,1966,45189120.0,,
Central America (GCP),,1967,50073440.0,,
Central America (GCP),,1968,51553732.0,,
Central America (GCP),,1969,57378220.0,,
Central America (GCP),,1970,67903700.0,,
Central America (GCP),,1971,72347200.0,,
Central America (GCP),,1972,76369530.0,,
Central America (GCP),,1973,87129304.0,,
Central America (GCP),,1974,86388776.0,,
Central America (GCP),,1975,89612530.0,,
Central America (GCP),,1976,105083380.0,,
Central America (GCP),,1977,101856080.0,,
Central America (GCP),,1978,98899720.0,,
Central America (GCP),,1979,102519290.0,,
Central America (GCP),,1980,101602280.0,,
Central America (GCP),,1981,95450216.0,,
Central America (GCP),,1982,97636530.0,,
Central America (GCP),,1983,88053960.0,,
Central America (GCP),,1984,97440150.0,,
Central America (GCP),,1985,103169340.0,,
Central America (GCP),,1986,88430470.0,,
Central America (GCP),,1987,93735720.0,,
Central America (GCP),,1988,93879490.0,,
Central America (GCP),,1989,99240360.0,,
Central America (GCP),,1990,95464570.0,,
Central America (GCP),,1991,94414936.0,,
Central America (GCP),,1992,92953256.0,,
Central America (GCP),,1993,94058264.0,,
Central America (GCP),,1994,99236160.0,,
Central America (GCP),,1995,106152490.0,,
Central America (GCP),,1996,112433760.0,,
Central America (GCP),,1997,118177950.0,,
Central America (GCP),,1998,117061220.0,,
Central America (GCP),,1999,122421050.0,,
Central America (GCP),,2000,134059200.0,,
Central America (GCP),,2001,139486990.0,,
Central America (GCP),,2002,144247300.0,,
Central America (GCP),,2003,151363620.0,,
Central America (GCP),,2004,148551740.0,,
Central America (GCP),,2005,155280560.0,,
Central America (GCP),,2006,164971520.0,,
Central America (GCP),,2007,170033740.0,,
Central America (GCP),,2008,171300140.0,,
Central America (GCP),,2009,169576740.0,,
Central America (GCP),,2010,176864530.0,,
Central America (GCP),,2011,176822400.0,,
Central America (GCP),,2012,176111780.0,,
Central America (GCP),,2013,176911540.0,,
Central America (GCP),,2014,179678320.0,,
Central America (GCP),,2015,186388640.0,,
Central America (GCP),,2016,180581220.0,,
Central America (GCP),,2017,177061010.0,,
Central America (GCP),,2018,177673580.0,,
Central America (GCP),,2019,184195040.0,,
Central America (GCP),,2020,162813920.0,,
Central America (GCP),,2021,177165500.0,,
Europe,,1850,177029780.0,1010223300.0,979094000.0
Europe,,1851,174102290.0,349791100.0,988803700.0
Europe,,1852,180675500.0,349659200.0,996388100.0
Europe,,1853,186944600.0,351494850.0,1000675100.0
Europe,,1854,221855200.0,382997920.0,1006061060.0
Europe,,1855,221810610.0,1093732600.0,1006537500.0
Europe,,1856,237075460.0,384588100.0,1006757300.0
Europe,,1857,238618000.0,380744580.0,1005255040.0
Europe,,1858,241801680.0,1141350400.0,1006977150.0
Europe,,1859,254973630.0,1151994100.0,1003789440.0
Europe,,1860,281813060.0,1219137500.0,987008400.0
Europe,,1861,300479420.0,1229962900.0,979680300.0
Europe,,1862,305041020.0,1237712300.0,983417600.0
Europe,,1863,321231140.0,1253682400.0,984040600.0
Europe,,1864,346628160.0,1278603300.0,984003840.0
Europe,,1865,371215170.0,1301614600.0,983234400.0
Europe,,1866,383593800.0,1313443700.0,983564160.0
Europe,,1867,401824500.0,1347063300.0,988327400.0
Europe,,1868,406194800.0,1349308500.0,986385500.0
Europe,,1869,425360670.0,1361989000.0,980303200.0
Europe,,1870,431414530.0,1435094000.0,1047244540.0
Europe,,1871,459748580.0,1490358500.0,1075091000.0
Europe,,1872,496539100.0,1548876500.0,1097881000.0
Europe,,1873,522504580.0,1590743800.0,1115138400.0
Europe,,1874,484552640.0,1570195800.0,1133275300.0
Europe,,1875,534644540.0,1630290400.0,1143461100.0
Europe,,1876,547134850.0,1638970100.0,1154123300.0
Europe,,1877,545942800.0,1646168600.0,1163246700.0
Europe,,1878,551758600.0,1663269600.0,1174898200.0
Europe,,1879,569581200.0,1703003000.0,1183398800.0
Europe,,1880,640735500.0,1785002800.0,1212087800.0
Europe,,1881,657767940.0,1821124600.0,1220148700.0
Europe,,1882,680192200.0,1867511400.0,1240960300.0
Europe,,1883,718759400.0,1933192300.0,1253491100.0
Europe,,1884,714136960.0,1922707500.0,1261845000.0
Europe,,1885,716651500.0,1972890600.0,1269979000.0
Europe,,1886,715978400.0,1941879600.0,1280055000.0
Europe,,1887,743277700.0,1985044000.0,1296066700.0
Europe,,1888,787497150.0,2048902400.0,1299950600.0
Europe,,1889,824548740.0,2077050500.0,1306142700.0
Europe,,1890,862562240.0,2217802500.0,1368174200.0
Europe,,1891,892999700.0,2268281900.0,1388582700.0
Europe,,1892,879308160.0,2282803500.0,1401150200.0
Europe,,1893,854864640.0,2271623400.0,1414450600.0
Europe,,1894,927902000.0,2356056000.0,1426028800.0
Europe,,1895,952609300.0,2390289400.0,1435518500.0
Europe,,1896,996146400.0,2441154800.0,1442919800.0
Europe,,1897,1045644540.0,2497834200.0,1450211300.0
Europe,,1898,1079143700.0,2540640000.0,1459591000.0
Europe,,1899,1149489500.0,2616445200.0,1465050400.0
Europe,,1900,1205729500.0,2809609000.0,1602780200.0
Europe,,1901,1195199900.0,2874704100.0,1678734800.0
Europe,,1902,1196061700.0,2935289300.0,1738971100.0
Europe,,1903,1245142800.0,3036692000.0,1791549400.0
Europe,,1904,1268408000.0,3108578800.0,1840793600.0
Europe,,1905,1305667500.0,3194679300.0,1890074400.0
Europe,,1906,1347400100.0,3272136000.0,1925945000.0
Europe,,1907,1492810500.0,3450815500.0,1959470600.0
Europe,,1908,1517224200.0,3508535000.0,1993142800.0
Europe,,1909,1518835100.0,3540410400.0,2023663900.0
Europe,,1910,1538614000.0,3227828000.0,1693757400.0
Europe,,1911,1574111200.0,3109254000.0,1542544000.0
Europe,,1912,1632499200.0,3033832700.0,1424563200.0
Europe,,1913,1767372700.0,3095719200.0,1332816600.0
Europe,,1914,1573933800.0,2768104700.0,1246126300.0
Europe,,1915,1492835100.0,2603393500.0,1161854300.0
Europe,,1916,1561152300.0,2599823000.0,1091835400.0
Europe,,1917,1533393000.0,2504792600.0,1024454400.0
Europe,,1918,1394104400.0,2303729200.0,963119100.0
Europe,,1919,1183804300.0,2078186800.0,898669300.0
Europe,,1920,1373710100.0,2382372600.0,1012802800.0
Europe,,1921,1253157200.0,2321543200.0,1072489500.0
Europe,,1922,1397916700.0,2497886200.0,1103120500.0
Europe,,1923,1335730200.0,2463069700.0,1126936400.0
Europe,,1924,1541559300.0,2685570000.0,1147857900.0
Europe,,1925,1526830700.0,2694364400.0,1171344100.0
Europe,,1926,1308482400.0,2484187000.0,1179514900.0
Europe,,1927,1670260600.0,2864834600.0,1198311200.0
Europe,,1928,1676919400.0,2887981300.0,1214725900.0
Europe,,1929,1820387000.0,3038923500.0,1222127100.0
Europe,,1930,1721366800.0,3103317800.0,1385798100.0
Europe,,1931,1606804000.0,3068703200.0,1465856500.0
Europe,,1932,1493113300.0,3015688400.0,1526569000.0
Europe,,1933,1537474800.0,3111859000.0,1575886300.0
Europe,,1934,1682503400.0,3300416000.0,1619414700.0
Europe,,1935,1767211800.0,3414985700.0,1649276300.0
Europe,,1936,1876963300.0,3561084400.0,1685586700.0
Europe,,1937,2037061900.0,3748296700.0,1712700200.0
Europe,,1938,2046480400.0,3799118000.0,1754103400.0
Europe,,1939,2094666600.0,3868079400.0,1774841600.0
Europe,,1940,2228409600.0,3652423200.0,1426321900.0
Europe,,1941,2143351200.0,3308503300.0,1217657100.0
Europe,,1942,1996628200.0,2995104800.0,1050908540.0
Europe,,1943,2003256000.0,2922663700.0,922375360.0
Europe,,1944,1889702800.0,2671050800.0,784462400.0
Europe,,1945,1233813000.0,1875599200.0,645230400.0
Europe,,1946,1657086300.0,2179536100.0,526003840.0
Europe,,1947,1907845800.0,2311069000.0,406850560.0
Europe,,1948,2056198700.0,2353092600.0,300631200.0
Europe,,1949,2242969000.0,2445002000.0,205843520.0
Europe,,1950,2383494700.0,2738096600.0,354675200.0
Europe,,1951,2630406700.0,3078367200.0,448033920.0
Europe,,1952,2714195500.0,3280246800.0,566124700.0
Europe,,1953,2791716900.0,3415256300.0,623612800.0
Europe,,1954,2970267400.0,3662360300.0,692166300.0
Europe,,1955,3233961200.0,3992445700.0,758557950.0
Europe,,1956,3445532700.0,4261065700.0,815606400.0
Europe,,1957,3593581800.0,4473161700.0,879653100.0
Europe,,1958,3632047000.0,4524011000.0,892037400.0
Europe,,1959,3713580500.0,4930248700.0,1216741100.0
Europe,,1960,3964489200.0,4787313700.0,822897800.0
Europe,,1961,4109329200.0,4881957000.0,772700900.0
Europe,,1962,4336348700.0,4915883500.0,579571500.0
Europe,,1963,4609367600.0,5072827000.0,463496000.0
Europe,,1964,4839142400.0,5284098600.0,444992800.0
Europe,,1965,4981444000.0,5339233300.0,357826240.0
Europe,,1966,5152955000.0,5504991700.0,352073760.0
Europe,,1967,5266813400.0,5586424300.0,319647360.0
Europe,,1968,5512286000.0,5867511000.0,355261440.0
Europe,,1969,5812372500.0,6063576600.0,251167200.0
Europe,,1970,6094250500.0,6414521000.0,320233600.0
Europe,,1971,6322978000.0,6559745500.0,236731040.0
Europe,,1972,6551977500.0,6751152000.0,199138400.0
Europe,,1973,6844567600.0,7080016000.0,235412000.0
Europe,,1974,6862789000.0,7070904300.0,208115200.0
Europe,,1975,6902318600.0,7126189000.0,223870400.0
Europe,,1976,7277064700.0,7481369000.0,204304640.0
Europe,,1977,7333317000.0,7536156000.0,202839040.0
Europe,,1978,7565874000.0,7731927000.0,166052480.0
Europe,,1979,7745534500.0,7917559300.0,172024800.0
Europe,,1980,7749543000.0,7995727400.0,246184160.0
Europe,,1981,7467951000.0,7675920000.0,207932000.0
Europe,,1982,7408063000.0,7595733000.0,187633440.0
Europe,,1983,7414516700.0,7603652600.0,189099040.0
Europe,,1984,7465512000.0,7660766700.0,195217920.0
Europe,,1985,7789581000.0,7986264000.0,196646880.0
Europe,,1986,7802543600.0,8016851000.0,214270720.0
Europe,,1987,7824347600.0,8038911000.0,214600480.0
Europe,,1988,7863650300.0,8050734000.0,187083840.0
Europe,,1989,7829319000.0,8011053000.0,181734400.0
Europe,,1990,8033274000.0,8181357600.0,148282080.0
Europe,,1991,7736558000.0,7837515000.0,101163040.0
Europe,,1992,7095026700.0,7066827300.0,-27992960.0
Europe,,1993,6806846500.0,6738078000.0,-68516800.0
Europe,,1994,6447159300.0,6343414000.0,-103508000.0
Europe,,1995,6426196000.0,6263859700.0,-162132000.0
Europe,,1996,6473222000.0,6420584400.0,-52431840.0
Europe,,1997,6268281300.0,6118095400.0,-149967520.0
Europe,,1998,6242856400.0,6069540000.0,-173124000.0
Europe,,1999,6159448000.0,5976937500.0,-182320640.0
Europe,,2000,6158767000.0,5892031000.0,-266556000.0
Europe,,2001,6286350300.0,5978249700.0,-307922560.0
Europe,,2002,6254075000.0,5930030600.0,-323860960.0
Europe,,2003,6398656000.0,6112854500.0,-285608800.0
Europe,,2004,6431065000.0,6159333400.0,-271465760.0
Europe,,2005,6421119000.0,6179725300.0,-241127840.0
Europe,,2006,6520084000.0,6210684400.0,-309131680.0
Europe,,2007,6476660000.0,6285785000.0,-190711200.0
Europe,,2008,6402666000.0,6163348500.0,-231711360.0
Europe,,2009,5889052700.0,5813995000.0,-66758080.0
Europe,,2010,6118725000.0,6056374300.0,-53787520.0
Europe,,2011,6044580000.0,5953979400.0,-82146880.0
Europe,,2012,5994340400.0,5947955700.0,-37995680.0
Europe,,2013,5835885000.0,5762834000.0,-64742880.0
Europe,,2014,5604730000.0,5474515000.0,-122853920.0
Europe,,2015,5605936600.0,5618655700.0,21361120.0
Europe,,2016,5598924000.0,5683166700.0,93322080.0
Europe,,2017,5630619600.0,5741853000.0,119556320.0
Europe,,2018,5603844000.0,5762594300.0,167115040.0
Europe,,2019,5426624000.0,5613598700.0,195694240.0
Europe,,2020,5010946600.0,5237585000.0,235375360.0
Europe,,2021,5306227700.0,5552515600.0,252156480.0
European Union (27),,1850,54189980.0,251862780.0,317705440.0
European Union (27),,1851,57297630.0,228479710.0,312978880.0
European Union (27),,1852,64284880.0,231619760.0,310560640.0
European Union (27),,1853,71180530.0,235181170.0,307519520.0
European Union (27),,1854,82319090.0,243608370.0,304588320.0
European Union (27),,1855,90821590.0,283841120.0,299898400.0
European Union (27),,1856,96396180.0,249111700.0,298542720.0
European Union (27),,1857,100452220.0,249247260.0,294988640.0
European Union (27),,1858,105866100.0,314677440.0,291178080.0
European Union (27),,1859,103998260.0,308779200.0,286341600.0
European Union (27),,1860,112653430.0,368327360.0,279196800.0
European Union (27),,1861,123851930.0,371318500.0,271245920.0
European Union (27),,1862,134075864.0,376742600.0,266849120.0
European Union (27),,1863,139488590.0,375779940.0,260913440.0
European Union (27),,1864,150897310.0,381802600.0,255857120.0
European Union (27),,1865,163822800.0,391064100.0,252376320.0
European Union (27),,1866,168329380.0,390880740.0,248162720.0
European Union (27),,1867,180490240.0,417367840.0,251496960.0
European Union (27),,1868,189353700.0,420698660.0,246110880.0
European Union (27),,1869,197348370.0,426494900.0,244059040.0
European Union (27),,1870,198126060.0,439144000.0,255234240.0
European Union (27),,1871,211580450.0,456738700.0,260144000.0
European Union (27),,1872,235092450.0,483548300.0,264137760.0
European Union (27),,1873,251699740.0,501841020.0,266665920.0
European Union (27),,1874,220222260.0,471426100.0,268461280.0
European Union (27),,1875,254916110.0,506156600.0,268644480.0
European Union (27),,1876,266346320.0,506228400.0,271282560.0
European Union (27),,1877,259884240.0,499693060.0,271758880.0
European Union (27),,1878,268510370.0,507549700.0,271245920.0
European Union (27),,1879,284259170.0,535499650.0,269926880.0
European Union (27),,1880,328858620.0,564490500.0,271539040.0
European Union (27),,1881,330135680.0,573498560.0,268241440.0
European Union (27),,1882,348957060.0,594628300.0,267472000.0
European Union (27),,1883,372651940.0,630597570.0,264833920.0
European Union (27),,1884,376345280.0,617399800.0,262305760.0
European Union (27),,1885,380988300.0,631752450.0,261426400.0
European Union (27),,1886,382774180.0,620677700.0,259081440.0
European Union (27),,1887,400964740.0,644913860.0,264943840.0
European Union (27),,1888,431375140.0,686682700.0,260803520.0
European Union (27),,1889,454561470.0,694077200.0,259887520.0
European Union (27),,1890,481647330.0,735416000.0,263478240.0
European Union (27),,1891,501332060.0,756859400.0,265640000.0
European Union (27),,1892,493622370.0,766517060.0,267325440.0
European Union (27),,1893,501922200.0,775366500.0,267911680.0
European Union (27),,1894,527209250.0,799151300.0,266592640.0
European Union (27),,1895,543307700.0,813747600.0,265017120.0
European Union (27),,1896,575295300.0,846834370.0,266189600.0
European Union (27),,1897,608566700.0,879116500.0,265273600.0
European Union (27),,1898,635495360.0,903700160.0,263001920.0
European Union (27),,1899,669341760.0,934505400.0,259924160.0
European Union (27),,1900,712147500.0,996767040.0,280222720.0
European Union (27),,1901,709665600.0,996227000.0,282531040.0
European Union (27),,1902,696453700.0,986715800.0,286708000.0
European Union (27),,1903,743079550.0,1037701800.0,291361280.0
European Union (27),,1904,757158460.0,1054638660.0,294805440.0
European Union (27),,1905,795765060.0,1095003900.0,297003840.0
European Union (27),,1906,812349700.0,1113420500.0,298982400.0
European Union (27),,1907,927495700.0,1231094700.0,301803680.0
European Union (27),,1908,962024800.0,1266320000.0,302829600.0
European Union (27),,1909,955008300.0,1259230200.0,303012800.0
European Union (27),,1910,972855300.0,1244284400.0,272784800.0
European Union (27),,1911,992701800.0,1246873600.0,258385280.0
European Union (27),,1912,1064384300.0,1285653200.0,241347680.0
European Union (27),,1913,1146159700.0,1373401000.0,228560320.0
European Union (27),,1914,980973250.0,1178059800.0,213867680.0
European Union (27),,1915,900028860.0,1086013600.0,202436000.0
European Union (27),,1916,946093800.0,1124091000.0,195511040.0
European Union (27),,1917,938310800.0,1105902100.0,184812160.0
European Union (27),,1918,883435840.0,1048425800.0,182357280.0
European Union (27),,1919,686931300.0,856098200.0,170412640.0
European Union (27),,1920,861413950.0,1066121660.0,205990080.0
European Union (27),,1921,894105540.0,1123178800.0,230355680.0
European Union (27),,1922,918057150.0,1168271700.0,250690880.0
European Union (27),,1923,823354600.0,1086759600.0,260363840.0
European Union (27),,1924,1000148200.0,1264542500.0,265676640.0
European Union (27),,1925,1011689340.0,1286086300.0,275679360.0
European Union (27),,1926,977886600.0,1255801100.0,279233440.0
European Union (27),,1927,1099317800.0,1381225900.0,283227200.0
European Union (27),,1928,1125129000.0,1413375700.0,289565920.0
European Union (27),,1929,1235667000.0,1527724400.0,293376480.0
European Union (27),,1930,1123318000.0,1384084900.0,262085920.0
European Union (27),,1931,1011688770.0,1255124900.0,244755200.0
European Union (27),,1932,894130800.0,1129066500.0,236254720.0
European Union (27),,1933,921803970.0,1145491200.0,225042880.0
European Union (27),,1934,993475000.0,1207049600.0,214930240.0
European Union (27),,1935,1039973250.0,1245230600.0,206612960.0
European Union (27),,1936,1083840900.0,1280964100.0,198442240.0
European Union (27),,1937,1219858600.0,1407785200.0,189245600.0
European Union (27),,1938,1232310700.0,1423241600.0,192250080.0
European Union (27),,1939,1269014000.0,1449649200.0,181954240.0
European Union (27),,1940,1320363300.0,1460034800.0,141833440.0
European Union (27),,1941,1301390700.0,1404459000.0,123440160.0
European Union (27),,1942,1320673800.0,1411870700.0,111568800.0
European Union (27),,1943,1331676800.0,1434964900.0,106072800.0
European Union (27),,1944,1141699100.0,1232493000.0,93725120.0
European Union (27),,1945,492908380.0,571721000.0,82073600.0
European Union (27),,1946,847641540.0,916414800.0,72144160.0
European Union (27),,1947,990720500.0,1048465150.0,61188800.0
European Union (27),,1948,1095370200.0,1144064800.0,52248640.0
European Union (27),,1949,1211111200.0,1263542900.0,56059200.0
European Union (27),,1950,1277788900.0,1373529300.0,95740320.0
European Union (27),,1951,1429828600.0,1523883500.0,94054880.0
European Union (27),,1952,1486894800.0,1619568300.0,132673440.0
European Union (27),,1953,1515071100.0,1636093000.0,121021920.0
European Union (27),,1954,1611436800.0,1730956500.0,119519680.0
European Union (27),,1955,1743445800.0,1867435500.0,123989760.0
European Union (27),,1956,1867169200.0,1990389500.0,123220320.0
European Union (27),,1957,1926502800.0,2053716900.0,127214080.0
European Union (27),,1958,1911014000.0,2028042200.0,117028160.0
European Union (27),,1959,1940773100.0,1888048100.0,-52724960.0
European Union (27),,1960,2099258400.0,2033416300.0,-65842080.0
European Union (27),,1961,2198862000.0,2121478400.0,-77383680.0
European Union (27),,1962,2353763600.0,2264472000.0,-89291680.0
European Union (27),,1963,2512045000.0,2385234000.0,-126811040.0
European Union (27),,1964,2643220700.0,2531981800.0,-111239040.0
European Union (27),,1965,2676032800.0,2545411000.0,-130621600.0
European Union (27),,1966,2757552600.0,2639901400.0,-117651040.0
European Union (27),,1967,2819160300.0,2690847000.0,-128313280.0
European Union (27),,1968,2992386000.0,2892652000.0,-99734080.0
European Union (27),,1969,3191020800.0,3033652200.0,-157368800.0
European Union (27),,1970,3330374700.0,3168169500.0,-162205280.0
European Union (27),,1971,3424248600.0,3236102100.0,-188146400.0
European Union (27),,1972,3554534100.0,3347921200.0,-206612960.0
European Union (27),,1973,3727650600.0,3533898200.0,-193752320.0
European Union (27),,1974,3708448800.0,3508321300.0,-200127680.0
European Union (27),,1975,3635789300.0,3446140700.0,-189648640.0
European Union (27),,1976,3911562500.0,3710665500.0,-200897120.0
European Union (27),,1977,3873114400.0,3690134300.0,-182980160.0
European Union (27),,1978,4003606500.0,3806410000.0,-197196480.0
European Union (27),,1979,4113083400.0,3911306800.0,-201776480.0
European Union (27),,1980,4077515500.0,3883177000.0,-194338560.0
European Union (27),,1981,3863343400.0,3676442600.0,-186900640.0
European Union (27),,1982,3771501600.0,3584014600.0,-187486880.0
European Union (27),,1983,3728520700.0,3559940000.0,-168580640.0
European Union (27),,1984,3763602700.0,3593922800.0,-169679840.0
European Union (27),,1985,3820610300.0,3656316700.0,-164293760.0
European Union (27),,1986,3804491000.0,3652948000.0,-151543040.0
European Union (27),,1987,3838355000.0,3683074800.0,-155280320.0
European Union (27),,1988,3796328700.0,3640718600.0,-155610080.0
European Union (27),,1989,3834247000.0,3690728000.0,-143518880.0
European Union (27),,1990,3865491700.0,3685442800.0,-180048960.0
European Union (27),,1991,3803036000.0,3631304200.0,-171731680.0
European Union (27),,1992,3674375200.0,3502826800.0,-171548480.0
European Union (27),,1993,3607042300.0,3443701200.0,-163341120.0
European Union (27),,1994,3588561700.0,3414668000.0,-173893440.0
European Union (27),,1995,3636726300.0,3473641700.0,-163084640.0
European Union (27),,1996,3720684500.0,3552067300.0,-168617280.0
European Union (27),,1997,3654736000.0,3482491400.0,-172244640.0
European Union (27),,1998,3645694000.0,3513167000.0,-132526880.0
European Union (27),,1999,3590544000.0,3434091300.0,-156452800.0
European Union (27),,2000,3602431500.0,3377462000.0,-224969600.0
European Union (27),,2001,3659970300.0,3412430600.0,-247539840.0
European Union (27),,2002,3661412000.0,3418855200.0,-242556800.0
European Union (27),,2003,3744551200.0,3525847000.0,-218704160.0
European Union (27),,2004,3755608000.0,3551083500.0,-204524480.0
European Union (27),,2005,3735896600.0,3509827800.0,-226068800.0
European Union (27),,2006,3745673700.0,3477688600.0,-267984960.0
European Union (27),,2007,3710596400.0,3518566000.0,-192030240.0
European Union (27),,2008,3627085300.0,3410689500.0,-216395840.0
European Union (27),,2009,3332201500.0,3161092900.0,-171108800.0
European Union (27),,2010,3432635000.0,3245367800.0,-187267040.0
European Union (27),,2011,3332923000.0,3177569500.0,-155353600.0
European Union (27),,2012,3260143400.0,3079398400.0,-180745120.0
European Union (27),,2013,3177124600.0,2979891500.0,-197233120.0
European Union (27),,2014,3040193300.0,2848163000.0,-192030240.0
European Union (27),,2015,3092724500.0,2896114200.0,-196610240.0
European Union (27),,2016,3099745500.0,2902512400.0,-197233120.0
European Union (27),,2017,3123227100.0,2916614100.0,-206612960.0
European Union (27),,2018,3049198800.0,2841047000.0,-208151840.0
European Union (27),,2019,2906417000.0,2697276000.0,-209141120.0
European Union (27),,2020,2621796400.0,2424233500.0,-197562880.0
European Union (27),,2021,2793016300.0,2601975600.0,-191040960.0
North America,,1850,19851552.0,848391900.0,899658600.0
North America,,1851,24702688.0,920990400.0,964071700.0
North America,,1852,26875440.0,957275000.0,997084350.0
North America,,1853,30264640.0,1009505300.0,1043543900.0
North America,,1854,33283774.0,1046123260.0,1073625340.0
North America,,1855,38310784.0,1067711600.0,1088537700.0
North America,,1856,40216064.0,1095374800.0,1114332300.0
North America,,1857,41271296.0,1124752600.0,1142911500.0
North America,,1858,41912496.0,1150712200.0,1168596200.0
North America,,1859,45635120.0,1187301000.0,1201279100.0
North America,,1860,47818864.0,1088065200.0,1101618200.0
North America,,1861,46137090.0,1005189100.0,1018079040.0
North America,,1862,48009390.0,998157950.0,1011996800.0
North America,,1863,55513264.0,1002510700.0,1007893100.0
North America,,1864,59499696.0,978833900.0,980010050.0
North America,,1865,59840450.0,954296200.0,954105600.0
North America,,1866,60474320.0,939064900.0,937251200.0
North America,,1867,74459810.0,950375700.0,934613100.0
North America,,1868,83297380.0,945326660.0,922851700.0
North America,,1869,94380980.0,936331500.0,904604900.0
North America,,1870,99844000.0,1256532200.0,1218353300.0
North America,,1871,104801390.0,1401857400.0,1358134900.0
North America,,1872,128152060.0,1506842000.0,1441527600.0
North America,,1873,141115300.0,1597995000.0,1520853100.0
North America,,1874,135919740.0,1663477900.0,1596954400.0
North America,,1875,137623500.0,1714059500.0,1642534700.0
North America,,1876,134677660.0,1754312200.0,1685037000.0
North America,,1877,149198080.0,1824452100.0,1740912900.0
North America,,1878,145838190.0,1872168400.0,1791183100.0
North America,,1879,177652700.0,1955828500.0,1849294100.0
North America,,1880,203916430.0,1841248100.0,1730287400.0
North America,,1881,215784160.0,1763824100.0,1654699000.0
North America,,1882,242011140.0,1794081500.0,1662356900.0
North America,,1883,261313170.0,1824082600.0,1680127200.0
North America,,1884,276189000.0,1819282600.0,1666094100.0
North America,,1885,280406270.0,1802651800.0,1647957400.0
North America,,1886,296260400.0,1811727400.0,1645539100.0
North America,,1887,317530100.0,1852782800.0,1667376500.0
North America,,1888,387186430.0,1911923300.0,1653636500.0
North America,,1889,346834850.0,1854790700.0,1644110200.0
North America,,1890,414160930.0,1986713100.0,1721274000.0
North America,,1891,441886400.0,2144034200.0,1747947900.0
North America,,1892,464918340.0,2164904400.0,1746885400.0
North America,,1893,469480000.0,2213947000.0,1791292900.0
North America,,1894,439768640.0,2188888800.0,1794297300.0
North America,,1895,493973900.0,2247198000.0,1799427100.0
North America,,1896,496110050.0,2261352000.0,1814193000.0
North America,,1897,515774850.0,2303074000.0,1835334300.0
North America,,1898,561765500.0,2365442800.0,1850136800.0
North America,,1899,645458800.0,2477898500.0,1879888400.0
North America,,1900,684367040.0,2494053400.0,1866368400.0
North America,,1901,746684540.0,2532957700.0,1850026900.0
North America,,1902,791569000.0,2582019000.0,1859480000.0
North America,,1903,923924100.0,2704554800.0,1852811500.0
North America,,1904,916872800.0,2727475200.0,1885237900.0
North America,,1905,1023576770.0,2829452500.0,1883919000.0
North America,,1906,1074778600.0,2873619500.0,1876847500.0
North America,,1907,1253116700.0,3066906600.0,1887363100.0
North America,,1908,1103991600.0,2929103400.0,1904913700.0
North America,,1909,1214811100.0,3058866000.0,1922464300.0
North America,,1910,1327425200.0,3089479400.0,1850136800.0
North America,,1911,1327461900.0,3053499100.0,1818846200.0
North America,,1912,1419666800.0,3072460500.0,1749889800.0
North America,,1913,1533790300.0,3186804000.0,1750732400.0
North America,,1914,1396793000.0,3055925200.0,1761907700.0
North America,,1915,1443461200.0,3078667800.0,1742048800.0
North America,,1916,1613035600.0,3226404900.0,1716510700.0
North America,,1917,1782872800.0,3394007000.0,1715191700.0
North America,,1918,1868648400.0,3494365200.0,1731056900.0
North America,,1919,1596982000.0,3198480000.0,1702367600.0
North America,,1920,1899938000.0,3501142500.0,1715484800.0
North America,,1921,1595440600.0,3199723000.0,1736919300.0
North America,,1922,1591500300.0,3169035500.0,1709549000.0
North America,,1923,2062964200.0,3607779800.0,1681446300.0
North America,,1924,1845232000.0,3366341600.0,1667266700.0
North America,,1925,1892463700.0,3408114000.0,1658216400.0
North America,,1926,2038048900.0,3513215200.0,1619744500.0
North America,,1927,1989375000.0,3428631600.0,1587391400.0
North America,,1928,1953542300.0,3369705500.0,1562073100.0
North America,,1929,2090135200.0,3475500300.0,1526422400.0
North America,,1930,1865707500.0,3158781700.0,1444532100.0
North America,,1931,1582640900.0,2832722700.0,1417784800.0
North America,,1932,1349432400.0,2535286500.0,1357072400.0
North America,,1933,1441267700.0,2582303500.0,1315009700.0
North America,,1934,1542143700.0,2662685400.0,1297239300.0
North America,,1935,1600230000.0,2671988200.0,1254407000.0
North America,,1936,1830100700.0,2878763000.0,1229675000.0
North America,,1937,1921540100.0,2929579000.0,1193474700.0
North America,,1938,1637472500.0,2618162700.0,1170757900.0
North America,,1939,1801380900.0,2755117000.0,1131553200.0
North America,,1940,2020247700.0,3063677700.0,1273056800.0
North America,,1941,2199555600.0,3365293600.0,1362165200.0
North America,,1942,2360994000.0,3551247400.0,1388362900.0
North America,,1943,2442646500.0,3705527800.0,1418041300.0
North America,,1944,2620185000.0,3899291000.0,1433466800.0
North America,,1945,2528343300.0,3806388200.0,1430828700.0
North America,,1946,2437710600.0,3730564000.0,1452079900.0
North America,,1947,2676701700.0,3986189000.0,1439842000.0
North America,,1948,2790326800.0,4132782600.0,1449185300.0
North America,,1949,2352856000.0,3642950100.0,1401003600.0
North America,,1950,2744778000.0,4081977900.0,1340767500.0
North America,,1951,2840785000.0,4111122000.0,1273130100.0
North America,,1952,2768315100.0,4089953800.0,1323803100.0
North America,,1953,2832061400.0,4065830000.0,1235610800.0
North America,,1954,2718353000.0,3947217000.0,1230884100.0
North America,,1955,2966390300.0,4164235800.0,1200546300.0
North America,,1956,3124205600.0,4317710000.0,1196992100.0
North America,,1957,3103421400.0,4273109000.0,1173432600.0
North America,,1958,3022850000.0,4184585500.0,1165994800.0
North America,,1959,3115069700.0,4259288000.0,1153573800.0
North America,,1960,3189289200.0,4166471200.0,982538240.0
North America,,1961,3184526600.0,3964430300.0,782667000.0
North America,,1962,3309560800.0,4194169300.0,888703200.0
North America,,1963,3442484500.0,4311119000.0,870273300.0
North America,,1964,3621234200.0,4307328000.0,694401300.0
North America,,1965,3771645700.0,4372531700.0,603204350.0
North America,,1966,3956489200.0,4512284700.0,556415040.0
North America,,1967,4127169500.0,5088914000.0,962239700.0
North America,,1968,4289585200.0,5529013000.0,1239421300.0
North America,,1969,4501899300.0,5428944000.0,927175200.0
North America,,1970,4862633000.0,5630569000.0,767498100.0
North America,,1971,4916293600.0,5726405600.0,809340900.0
North America,,1972,5162334000.0,5951490000.0,787613440.0
North America,,1973,5397348400.0,6053972500.0,656442240.0
North America,,1974,5251511300.0,5929156600.0,677546900.0
North America,,1975,5128156000.0,5817435600.0,689381600.0
North America,,1976,5434759700.0,6135104500.0,701326200.0
North America,,1977,5591237600.0,6391360500.0,801390100.0
North America,,1978,5677210000.0,6361931300.0,685131400.0
North America,,1979,5792579000.0,6496033300.0,702535360.0
North America,,1980,5621263400.0,6365543400.0,743718700.0
North America,,1981,5495717400.0,6242696000.0,746833150.0
North America,,1982,5263806000.0,6052232000.0,788382850.0
North America,,1983,5203724300.0,6004999000.0,801353500.0
North America,,1984,5462064000.0,6266714000.0,804834240.0
North America,,1985,5465377000.0,6239611000.0,775412350.0
North America,,1986,5450290000.0,6301331500.0,851257100.0
North America,,1987,5656673000.0,6538505700.0,882620900.0
North America,,1988,5906294300.0,6832293000.0,926515700.0
North America,,1989,6018308000.0,6943439000.0,925599700.0
North America,,1990,5993930000.0,6917375500.0,923181440.0
North America,,1991,5940200000.0,6717070300.0,776768000.0
North America,,1992,6065395700.0,6790955500.0,724116350.0
North America,,1993,6171408000.0,6849658000.0,677473600.0
North America,,1994,6295623700.0,7082350000.0,786550900.0
North America,,1995,6357527000.0,6974625300.0,617310700.0
North America,,1996,6582797000.0,7199213000.0,616834400.0
North America,,1997,6701181400.0,7355674600.0,655709440.0
North America,,1998,6772838000.0,7452271600.0,680001800.0
North America,,1999,6867971600.0,7555873000.0,688245760.0
North America,,2000,7113878000.0,7790091300.0,677986560.0
North America,,2001,7021613000.0,7579325000.0,559492800.0
North America,,2002,7073592300.0,7611415600.0,539524000.0
North America,,2003,7186931700.0,7680612400.0,495336160.0
North America,,2004,7285651000.0,7669575700.0,385489440.0
North America,,2005,7332226600.0,7735779300.0,405201760.0
North America,,2006,7267868000.0,7597742000.0,331811840.0
North America,,2007,7379332000.0,7588692500.0,212145600.0
North America,,2008,7160439300.0,7362677000.0,204890880.0
North America,,2009,6673073000.0,6782667300.0,112155040.0
North America,,2010,6879333400.0,7005946400.0,129082720.0
North America,,2011,6775450600.0,6797259000.0,24035840.0
North America,,2012,6591991300.0,6714394600.0,123476800.0
North America,,2013,6726552600.0,6813697000.0,87936000.0
North America,,2014,6763078700.0,7100024000.0,337637600.0
North America,,2015,6617363500.0,7056457700.0,439606720.0
North America,,2016,6473230300.0,7043209000.0,570484800.0
North America,,2017,6425780700.0,6919904000.0,494640000.0
North America,,2018,6614565000.0,7117141000.0,503140480.0
North America,,2019,6500849700.0,7006064000.0,505705280.0
North America,,2020,5805619000.0,6327857700.0,522486400.0
North America,,2021,6137900000.0,6668604400.0,531096800.0
South America,,1850,0.0,73280.0,197856000.0
South America,,1851,0.0,36640.0,218044640.0
South America,,1852,0.0,36640.0,226508480.0
South America,,1853,0.0,36640.0,235961600.0
South America,,1854,0.0,36640.0,241384320.0
South America,,1855,0.0,36640.0,243069760.0
South America,,1856,0.0,36640.0,249408480.0
South America,,1857,0.0,36640.0,250434400.0
South America,,1858,0.0,36640.0,253878560.0
South America,,1859,0.0,36640.0,256553280.0
South America,,1860,0.0,36640.0,210020480.0
South America,,1861,0.0,36640.0,182796960.0
South America,,1862,0.0,73280.0,173233920.0
South America,,1863,0.0,36640.0,158174880.0
South America,,1864,0.0,36640.0,155207040.0
South America,,1865,0.0,36640.0,148465280.0
South America,,1866,0.0,36640.0,148282080.0
South America,,1867,0.0,36640.0,142786080.0
South America,,1868,0.0,36640.0,143445600.0
South America,,1869,0.0,36640.0,136154240.0
South America,,1870,0.0,36640.0,164696800.0
South America,,1871,0.0,36640.0,180928320.0
South America,,1872,0.0,36640.0,182467200.0
South America,,1873,0.0,36640.0,191004320.0
South America,,1874,0.0,36640.0,195254560.0
South America,,1875,0.0,36640.0,191334080.0
South America,,1876,0.0,36640.0,195108000.0
South America,,1877,0.0,73280.0,202948960.0
South America,,1878,0.0,36640.0,207309120.0
South America,,1879,0.0,36640.0,198625440.0
South America,,1880,0.0,36640.0,255527360.0
South America,,1881,0.0,36640.0,281248640.0
South America,,1882,0.0,36640.0,302536480.0
South America,,1883,0.0,36640.0,316203200.0
South America,,1884,3664.0,22463984.0,324483840.0
South America,,1885,3664.0,24442544.0,336611680.0
South America,,1886,7328.0,23566848.0,336391840.0
South America,,1887,1091872.0,47954430.0,343793120.0
South America,,1888,897680.0,47137360.0,347896800.0
South America,,1889,1762384.0,48588304.0,355737760.0
South America,,1890,1381328.0,49819410.0,359365120.0
South America,,1891,985616.0,49936656.0,358046080.0
South America,,1892,1450944.0,49998944.0,355554560.0
South America,,1893,1601168.0,50625490.0,350205120.0
South America,,1894,2033520.0,52450160.0,359878080.0
South America,,1895,2828608.0,76108610.0,362186400.0
South America,,1896,2879904.0,75756860.0,361307040.0
South America,,1897,2758992.0,77394670.0,365777120.0
South America,,1898,3176688.0,78068850.0,367828960.0
South America,,1899,3715296.0,79560100.0,369514400.0
South America,,1900,3165696.0,112059780.0,441402080.0
South America,,1901,6401008.0,313993800.0,482658720.0
South America,,1902,7379296.0,335087460.0,509589120.0
South America,,1903,7676080.0,350260100.0,523402400.0
South America,,1904,8665360.0,365942000.0,533844800.0
South America,,1905,9211296.0,370848100.0,544983360.0
South America,,1906,12329360.0,379938500.0,552457900.0
South America,,1907,12684768.0,388464600.0,563046900.0
South America,,1908,14886832.0,398544260.0,567260500.0
South America,,1909,13406576.0,398089920.0,570301600.0
South America,,1910,17246448.0,474477020.0,671208200.0
South America,,1911,19162720.0,510798270.0,716055550.0
South America,,1912,19990784.0,533427070.0,750094100.0
South America,,1913,21122960.0,554125000.0,770246100.0
South America,,1914,17195152.0,559210700.0,787100500.0
South America,,1915,15088352.0,568279040.0,799374850.0
South America,,1916,13619088.0,571499700.0,811356160.0
South America,,1917,10867424.0,590548860.0,821761900.0
South America,,1918,10999328.0,597349250.0,836234750.0
South America,,1919,12900944.0,604966700.0,834622600.0
South America,,1920,14641344.0,682918300.0,927798100.0
South America,,1921,14428832.0,913244700.0,981329150.0
South America,,1922,17162176.0,953497340.0,1019068300.0
South America,,1923,19759952.0,971044200.0,1031599200.0
South America,,1924,24332624.0,991152300.0,1046328450.0
South America,,1925,26384464.0,1005075460.0,1061131000.0
South America,,1926,27381072.0,1013766500.0,1068495700.0
South America,,1927,30081440.0,1028118400.0,1080696800.0
South America,,1928,31427830.0,1094427500.0,1089930100.0
South America,,1929,34424330.0,1097973600.0,1091102600.0
South America,,1930,29122492.0,913209000.0,911273500.0
South America,,1931,25545738.0,825396900.0,826158700.0
South America,,1932,28960146.0,788763840.0,780835100.0
South America,,1933,32898528.0,759616260.0,747199500.0
South America,,1934,37257450.0,739243200.0,722430850.0
South America,,1935,41081412.0,724600600.0,704184200.0
South America,,1936,39596510.0,709375700.0,690847200.0
South America,,1937,50161732.0,707666500.0,677876600.0
South America,,1938,46272796.0,690037600.0,664429760.0
South America,,1939,47060380.0,676352400.0,650360000.0
South America,,1940,50716700.0,865443800.0,835282050.0
South America,,1941,50752570.0,932420860.0,902076800.0
South America,,1942,48166196.0,971823940.0,943809800.0
South America,,1943,48569504.0,989741200.0,961250400.0
South America,,1944,53866372.0,1000790500.0,966416640.0
South America,,1945,54137150.0,1012493000.0,977958300.0
South America,,1946,118776020.0,1084130000.0,985432800.0
South America,,1947,62107070.0,1016102700.0,974220900.0
South America,,1948,69504090.0,1032659800.0,983014500.0
South America,,1949,70824630.0,1034639900.0,983967200.0
South America,,1950,112577080.0,1343791100.0,1231360500.0
South America,,1951,131287170.0,1508951200.0,1377810600.0
South America,,1952,141474460.0,1596852000.0,1455524000.0
South America,,1953,140642960.0,1665196800.0,1524700300.0
South America,,1954,151056110.0,1737934500.0,1587024900.0
South America,,1955,170080400.0,1804371000.0,1634437100.0
South America,,1956,184182370.0,1867643800.0,1683608000.0
South America,,1957,192917950.0,1941452000.0,1748680700.0
South America,,1958,178754820.0,1996501800.0,1817893600.0
South America,,1959,196996210.0,2095717600.0,1898868000.0
South America,,1960,199162530.0,2025373400.0,1826357500.0
South America,,1961,201765780.0,2072127700.0,1870508500.0
South America,,1962,215624780.0,2030074100.0,1814596100.0
South America,,1963,219363220.0,2016188800.0,1796972200.0
South America,,1964,230116670.0,2083258100.0,1853288000.0
South America,,1965,240054110.0,1981663200.0,1741755800.0
South America,,1966,251936270.0,1904803300.0,1653013500.0
South America,,1967,267277700.0,1938867700.0,1671736600.0
South America,,1968,287533380.0,2033209600.0,1745822700.0
South America,,1969,311131040.0,1953445800.0,1642461200.0
South America,,1970,337687700.0,2229630700.0,1892089600.0
South America,,1971,346378800.0,2077985300.0,1731753000.0
South America,,1972,362353600.0,2022072300.0,1659865300.0
South America,,1973,392424450.0,2044851700.0,1652574000.0
South America,,1974,416231420.0,2067669400.0,1651584600.0
South America,,1975,411325100.0,2099403000.0,1688224600.0
South America,,1976,419089250.0,2178871800.0,1759929100.0
South America,,1977,434580900.0,2162889700.0,1728455400.0
South America,,1978,461793820.0,2224837000.0,1763190100.0
South America,,1979,494202700.0,2271132700.0,1777076600.0
South America,,1980,508002560.0,2338280400.0,1830424400.0
South America,,1981,489327420.0,2394864000.0,1905683100.0
South America,,1982,490539600.0,2378012700.0,1887583000.0
South America,,1983,485664480.0,2390688000.0,1905133400.0
South America,,1984,491320500.0,2405211000.0,1914000400.0
South America,,1985,501639780.0,1938990300.0,1437460500.0
South America,,1986,529491800.0,2152313900.0,1622932000.0
South America,,1987,557024960.0,2209305900.0,1652390800.0
South America,,1988,580028740.0,2136276100.0,1556394000.0
South America,,1989,579498940.0,2067559200.0,1488206800.0
South America,,1990,599903700.0,2118668400.0,1518911200.0
South America,,1991,607538700.0,2291549700.0,1684157700.0
South America,,1992,619454460.0,2413788400.0,1794480600.0
South America,,1993,654170560.0,2342871800.0,1688774300.0
South America,,1994,671660000.0,2927218400.0,2255704800.0
South America,,1995,701795840.0,2940243500.0,2238594300.0
South America,,1996,728112500.0,2769180200.0,2041214300.0
South America,,1997,768431700.0,3039928600.0,2271643400.0
South America,,1998,821017860.0,3478370600.0,2657499100.0
South America,,1999,839313000.0,3403856600.0,2564690200.0
South America,,2000,821225150.0,3013616000.0,2192537600.0
South America,,2001,832130200.0,2878987300.0,2046966900.0
South America,,2002,847045000.0,3035259000.0,2188323800.0
South America,,2003,858202200.0,4515167000.0,3657075200.0
South America,,2004,867598600.0,3768057300.0,2900569000.0
South America,,2005,901994300.0,3469799000.0,2567914500.0
South America,,2006,912942900.0,3248889600.0,2336056600.0
South America,,2007,940783040.0,2957595100.0,2016922100.0
South America,,2008,1007550700.0,2797415000.0,1789974000.0
South America,,2009,991982200.0,2759642000.0,1767770000.0
South America,,2010,1082467100.0,2639373800.0,1557016800.0
South America,,2011,1104312700.0,2675069400.0,1570866700.0
South America,,2012,1144498200.0,2913331000.0,1768942600.0
South America,,2013,1209994200.0,2883709700.0,1673825300.0
South America,,2014,1229192000.0,2800241700.0,1571159800.0
South America,,2015,1193827100.0,2769896700.0,1576179500.0
South America,,2016,1152787700.0,2479265500.0,1326587800.0
South America,,2017,1125113000.0,2374866700.0,1249863700.0
South America,,2018,1064608300.0,2278235100.0,1213736600.0
South America,,2019,1073178300.0,2684385500.0,1611317200.0
South America,,2020,981189700.0,2232812000.0,1251732400.0
South America,,2021,1074998500.0,2335707400.0,1260819100.0
